tick,wall_time_unix,wall_time_iso,dt_since_start_s,raw_det_count,raw_x_px,raw_y_px,raw_conf,raw_depth_m,track_count,track_id,x,y,z,vx,vy,vz,pos_uncertainty,vel_uncertainty,confidence,frame,physics_plausible,physics_valid,filter_used_by_adaptive
0,1776986198.629391,2026-04-23T23:16:38.629391Z,0.18113946914672852,0,,,,,0,,,,,,,,,,,,,,
1,1776986198.8264601,2026-04-23T23:16:38.826460Z,0.37820863723754883,0,,,,,0,,,,,,,,,,,,,,
2,1776986199.034018,2026-04-23T23:16:39.034018Z,0.5857665538787842,0,,,,,0,,,,,,,,,,,,,,
3,1776986199.2320375,2026-04-23T23:16:39.232038Z,0.7837860584259033,0,,,,,0,,,,,,,,,,,,,,
4,1776986199.4457839,2026-04-23T23:16:39.445784Z,0.9975323677062988,0,,,,,0,,,,,,,,,,,,,,
5,1776986199.6348274,2026-04-23T23:16:39.634827Z,1.1865758895874023,0,,,,,0,,,,,,,,,,,,,,
6,1776986199.8344047,2026-04-23T23:16:39.834405Z,1.386153221130371,0,,,,,0,,,,,,,,,,,,,,
7,1776986200.0362787,2026-04-23T23:16:40.036279Z,1.5880272388458252,0,,,,,0,,,,,,,,,,,,,,
8,1776986200.4775515,2026-04-23T23:16:40.477551Z,2.0292999744415283,0,,,,,0,,,,,,,,,,,,,,
9,1776986200.7395685,2026-04-23T23:16:40.739568Z,2.2913169860839844,0,,,,,0,,,,,,,,,,,,,,
10,1776986200.9338183,2026-04-23T23:16:40.933818Z,2.4855668544769287,0,,,,,0,,,,,,,,,,,,,,
11,1776986201.1271412,2026-04-23T23:16:41.127141Z,2.678889751434326,0,,,,,0,,,,,,,,,,,,,,
12,1776986201.3321145,2026-04-23T23:16:41.332114Z,2.8838629722595215,0,,,,,0,,,,,,,,,,,,,,
13,1776986201.5403886,2026-04-23T23:16:41.540389Z,3.092137098312378,0,,,,,0,,,,,,,,,,,,,,
14,1776986201.7296631,2026-04-23T23:16:41.729663Z,3.281411647796631,0,,,,,0,,,,,,,,,,,,,,
15,1776986201.9241743,2026-04-23T23:16:41.924174Z,3.4759228229522705,0,,,,,0,,,,,,,,,,,,,,
16,1776986202.1282966,2026-04-23T23:16:42.128297Z,3.6800451278686523,0,,,,,0,,,,,,,,,,,,,,
17,1776986202.3302677,2026-04-23T23:16:42.330268Z,3.882016181945801,0,,,,,0,,,,,,,,,,,,,,
18,1776986202.5436878,2026-04-23T23:16:42.543688Z,4.095436334609985,0,,,,,0,,,,,,,,,,,,,,
19,1776986202.7423427,2026-04-23T23:16:42.742343Z,4.29409122467041,0,,,,,0,,,,,,,,,,,,,,
20,1776986202.9436743,2026-04-23T23:16:42.943674Z,4.495422840118408,0,,,,,0,,,,,,,,,,,,,,
21,1776986203.1484158,2026-04-23T23:16:43.148416Z,4.700164318084717,0,,,,,0,,,,,,,,,,,,,,
22,1776986203.4304888,2026-04-23T23:16:43.430489Z,4.982237339019775,0,,,,,0,,,,,,,,,,,,,,
23,1776986203.6410568,2026-04-23T23:16:43.641057Z,5.192805290222168,0,,,,,0,,,,,,,,,,,,,,
24,1776986203.8300157,2026-04-23T23:16:43.830016Z,5.38176417350769,0,,,,,0,,,,,,,,,,,,,,
25,1776986204.0524957,2026-04-23T23:16:44.052496Z,5.604244232177734,0,,,,,0,,,,,,,,,,,,,,
26,1776986204.3360443,2026-04-23T23:16:44.336044Z,5.8877928256988525,0,,,,,0,,,,,,,,,,,,,,
27,1776986204.5351553,2026-04-23T23:16:44.535155Z,6.086903810501099,0,,,,,0,,,,,,,,,,,,,,
28,1776986204.7322748,2026-04-23T23:16:44.732275Z,6.284023284912109,0,,,,,0,,,,,,,,,,,,,,
29,1776986204.9384425,2026-04-23T23:16:44.938442Z,6.4901909828186035,0,,,,,0,,,,,,,,,,,,,,
30,1776986205.141501,2026-04-23T23:16:45.141501Z,6.693249464035034,0,,,,,0,,,,,,,,,,,,,,
31,1776986205.3376415,2026-04-23T23:16:45.337641Z,6.889389991760254,0,,,,,0,,,,,,,,,,,,,,
32,1776986205.7667875,2026-04-23T23:16:45.766788Z,7.318536043167114,0,,,,,0,,,,,,,,,,,,,,
33,1776986206.1034806,2026-04-23T23:16:46.103481Z,7.655229091644287,0,,,,,0,,,,,,,,,,,,,,
34,1776986206.3572206,2026-04-23T23:16:46.357221Z,7.908969163894653,0,,,,,0,,,,,,,,,,,,,,
35,1776986206.6632028,2026-04-23T23:16:46.663203Z,8.214951276779175,0,,,,,0,,,,,,,,,,,,,,
36,1776986206.9664812,2026-04-23T23:16:46.966481Z,8.518229722976685,1,450,125,0.683814287185669,1.188,1,65,448.3563386067227,128.15638209243022,1.1990745322101275,6.083476664939845,-10.484617408269491,-0.009771563699090755,,,0.6622065305709839,pixel_xy_metric_z,True,True,kalman
37,1776986207.2619655,2026-04-23T23:16:47.261966Z,8.813714027404785,1,413,164,0.6362718939781189,1.142,1,65,416.794233719423,159.88715111121383,1.1646724345881394,-41.23461176250925,39.59227010299378,-0.031148641626606285,,,0.5444688200950623,pixel_xy_metric_z,True,True,kalman
38,1776986207.5326807,2026-04-23T23:16:47.532681Z,9.084429264068604,1,362,218,0.618285596370697,1.158,1,65,409.0338450186563,182.7877786562021,1.290301421108116,-43.776917750873324,40.98765142536694,-0.032808076980173184,,,0.6060308814048767,pixel_xy_metric_z,True,True,pf
39,1776986207.7519774,2026-04-23T23:16:47.751977Z,9.303725957870483,1,333,262,0.712234377861023,1.163,1,65,399.0467481796148,192.35816870203513,1.2831836950085747,-43.73792092026634,41.69665193568057,-0.03317172697407975,,,0.6060308814048767,pixel_xy_metric_z,True,True,pf
40,1776986208.0600646,2026-04-23T23:16:48.060065Z,9.611813068389893,0,,,,,0,,,,,,,,,,,,,,
41,1776986208.34122,2026-04-23T23:16:48.341220Z,9.89296841621399,0,,,,,1,66,346.9273432422115,350.7744033564646,1.1500370267895774,11.8230043320839,26.26048169065742,-0.011597060975839483,,,0.7679152488708496,pixel_xy_metric_z,True,True,kalman
42,1776986208.54149,2026-04-23T23:16:48.541490Z,10.093238592147827,0,,,,,1,66,354.0538324894789,391.4496842583118,1.1394195473625555,25.777678415998988,131.70067782816272,-0.04689042491951731,,,0.7679152488708496,pixel_xy_metric_z,True,True,pf
43,1776986208.73555,2026-04-23T23:16:48.735550Z,10.287298440933228,0,,,,,0,,,,,,,,,,,,,,
44,1776986208.9380639,2026-04-23T23:16:48.938064Z,10.48981237411499,0,,,,,0,,,,,,,,,,,,,,
45,1776986209.140262,2026-04-23T23:16:49.140262Z,10.692010402679443,0,,,,,0,,,,,,,,,,,,,,
46,1776986209.3403854,2026-04-23T23:16:49.340385Z,10.892133951187134,1,314,103,0.5380408763885498,1.061,1,68,307.3340573794825,104.32914347490643,1.051,-16.755488718106058,0.20870429661325507,0.0,,,0.5363181233406067,pixel_xy_metric_z,True,True,ukf
47,1776986209.5394828,2026-04-23T23:16:49.539483Z,11.091231346130371,0,,,,,0,,,,,,,,,,,,,,
48,1776986209.7266982,2026-04-23T23:16:49.726698Z,11.278446674346924,0,,,,,0,,,,,,,,,,,,,,
49,1776986209.936436,2026-04-23T23:16:49.936436Z,11.488184452056885,0,,,,,0,,,,,,,,,,,,,,
50,1776986210.1282234,2026-04-23T23:16:50.128223Z,11.679971933364868,0,,,,,0,,,,,,,,,,,,,,
51,1776986210.333428,2026-04-23T23:16:50.333428Z,11.885176420211792,0,,,,,0,,,,,,,,,,,,,,
52,1776986210.5705225,2026-04-23T23:16:50.570523Z,12.122271060943604,0,,,,,0,,,,,,,,,,,,,,
53,1776986210.8290114,2026-04-23T23:16:50.829011Z,12.380759954452515,0,,,,,0,,,,,,,,,,,,,,
54,1776986211.1218503,2026-04-23T23:16:51.121850Z,12.673598766326904,1,166,399,0.797238290309906,0.819,1,69,160.6481395362164,395.83921514350544,0.6234090873551906,7.401324102130943,-1.6512367632199776,-0.03673627417365791,,,0.5624210834503174,pixel_xy_metric_z,True,True,kalman
55,1776986211.3344936,2026-04-23T23:16:51.334494Z,12.886242151260376,1,161,389,0.722461998462677,0.807,1,69,157.86692237687308,392.1097655922832,0.6859560357710515,2.3069163212799513,-5.380116317848492,-0.0135866837068283,,,0.6380987167358398,pixel_xy_metric_z,True,True,kalman
56,1776986211.5625622,2026-04-23T23:16:51.562562Z,13.11431074142456,0,,,,,0,,,,,,,,,,,,,,
57,1776986211.838298,2026-04-23T23:16:51.838298Z,13.3900465965271,1,175,202,0.7514481544494629,0.0,1,70,176.56944789409468,210.94454916485913,0.4500741113616286,1.5276508883285986,-3.6099891208653476,-0.02224459963751346,,,0.7514481544494629,pixel_xy_metric_z,True,True,kalman
58,1776986212.063193,2026-04-23T23:16:52.063193Z,13.614941596984863,1,345,126,0.5454279184341431,0.811,1,71,351.67754073696,115.31016784387819,0.8036654546792202,0.2310738793567742,-0.4762303431190054,-0.0006679549014663094,,,0.8240324854850769,pixel_xy_metric_z,True,True,kalman
59,1776986212.362828,2026-04-23T23:16:52.362828Z,13.914576530456543,1,340,166,0.7124922871589661,0.779,1,71,344.49496256715224,159.85546631872734,0.726,-61.17364676567934,5.763559695626644,0.0,,,0.6760756373405457,pixel_xy_metric_z,True,True,ukf
60,1776986212.6802745,2026-04-23T23:16:52.680274Z,14.232023000717163,0,,,,,1,71,341.34092071687394,210.9363094931992,0.7352633984449598,-8.852416162463141,128.9331915755213,-0.10248869739423704,,,0.6760756373405457,pixel_xy_metric_z,True,True,pf
61,1776986212.9514878,2026-04-23T23:16:52.951488Z,14.503236293792725,0,,,,,1,73,228.3350316223489,333.00145013285953,0.7385719567562516,-11.479200850313882,44.99095202870631,0.021947836609901593,,,0.8367308974266052,pixel_xy_metric_z,True,True,pf
62,1776986213.270901,2026-04-23T23:16:53.270901Z,14.822649478912354,0,,,,,1,74,375.68394545758633,298.9178648085366,0.745,-5.846783214456367,-95.81392518479622,0.0,,,0.5330173969268799,pixel_xy_metric_z,True,True,ukf
63,1776986213.5333455,2026-04-23T23:16:53.533345Z,15.085093975067139,1,259,229,0.5046778321266174,0.0,2,74,421.91991448371647,273.64516242268587,0.8198211344141727,133.90913652538705,-146.0431120781021,0.13750311521714137,,,0.5330173969268799,pixel_xy_metric_z,True,True,pf
64,1776986213.760848,2026-04-23T23:16:53.760848Z,15.312596559524536,1,191,244,0.7985690832138062,0.0,1,75,188.61407802353565,274.98583040618047,0.677,-295.63383844860107,217.44981596501134,0.0,,,0.8412746787071228,pixel_xy_metric_z,True,True,ukf
65,1776986214.0512955,2026-04-23T23:16:54.051296Z,15.603044033050537,1,234,296,0.7918244004249573,0.738,1,75,245.4472603183281,324.6751725839104,1.248,62.16482510629494,74.90886651929988,0.0,,,0.5452813506126404,pixel_xy_metric_z,True,True,ukf
66,1776986214.332949,2026-04-23T23:16:54.332949Z,15.884697437286377,0,,,,,0,,,,,,,,,,,,,,
67,1776986214.5356705,2026-04-23T23:16:54.535671Z,16.087419033050537,0,,,,,0,,,,,,,,,,,,,,
68,1776986214.7301567,2026-04-23T23:16:54.730157Z,16.28190517425537,1,269,184,0.7771458029747009,0.957,1,76,264.5353258154461,167.9539125440403,2.145383658148512,-0.47230193268977183,-1.103581799422678,0.042150468424948476,,,0.7095237374305725,pixel_xy_metric_z,True,True,kalman
69,1776986214.9304478,2026-04-23T23:16:54.930448Z,16.48219633102417,0,,,,,1,76,277.8789619017848,202.0011588751089,1.1522295714154178,2.226835081653397,46.49596641205039,0.07903710131737057,,,0.7095237374305725,pixel_xy_metric_z,True,True,pf
70,1776986215.1228378,2026-04-23T23:16:55.122838Z,16.674586296081543,0,,,,,1,76,278.25364072659494,211.7672419185113,1.1684746091370564,1.9943173166962758,46.05518067737671,0.07905781670768414,,,0.7095237374305725,pixel_xy_metric_z,True,True,pf
71,1776986215.3290873,2026-04-23T23:16:55.329087Z,16.88083577156067,0,,,,,0,,,,,,,,,,,,,,
72,1776986215.5628989,2026-04-23T23:16:55.562899Z,17.114647388458252,1,407,206,0.7135077714920044,0.91,1,77,409.7047351640419,203.41450403297213,0.9301221727971525,4.443691494294958,-0.5782148941814641,0.002282592149441205,,,0.7168078422546387,pixel_xy_metric_z,True,True,kalman
73,1776986215.8365335,2026-04-23T23:16:55.836534Z,17.38828206062317,1,443,218,0.7503102421760559,0.93,1,77,415.3043339883743,222.661525827675,0.9185128228073393,1.6805038791253466,25.960921125834265,-0.006436086478017284,,,0.6543378233909607,pixel_xy_metric_z,True,True,kalman
74,1776986216.0420084,2026-04-23T23:16:56.042008Z,17.593756914138794,0,,,,,1,77,436.5874259114781,230.30628125149528,0.8906136587002832,61.05199390543194,33.95565371075507,-0.08848980321966039,,,0.6543378233909607,pixel_xy_metric_z,True,True,pf
75,1776986216.2561955,2026-04-23T23:16:56.256196Z,17.80794405937195,0,,,,,0,,,,,,,,,,,,,,
76,1776986216.5566225,2026-04-23T23:16:56.556623Z,18.108371019363403,1,325,234,0.6473217606544495,0.934,1,78,263.0465813788176,234.42268223848845,0.0,-252.78114715394344,-32.010567413560096,0.0,,,0.7086862921714783,pixel_xy_metric_z,True,True,ukf
77,1776986216.8405821,2026-04-23T23:16:56.840582Z,18.392330646514893,0,,,,,1,78,282.9530366567919,207.9849011676816,0.20395938677416595,-100.48078817596746,-54.69139167757359,0.28265171753349677,,,0.5169406533241272,pixel_xy_metric_z,True,True,pf
78,1776986217.0396,2026-04-23T23:16:57.039600Z,18.59134840965271,0,,,,,0,,,,,,,,,,,,,,
79,1776986217.2311172,2026-04-23T23:16:57.231117Z,18.78286576271057,1,323,227,0.7325367331504822,0.831,1,79,327.20330838318995,235.48740737839776,0.7715764081609298,2.8351262710053375,1.4205816443823442,-0.058245737745829876,,,0.5909278988838196,pixel_xy_metric_z,True,True,kalman
80,1776986217.4488006,2026-04-23T23:16:57.448801Z,19.00054907798767,0,,,,,1,79,240.8358987630878,197.3172377414626,0.41133440266381255,-74.01151864991063,-26.501115087950676,0.28537857672796235,,,0.6521523594856262,pixel_xy_metric_z,True,True,pf
81,1776986217.7301695,2026-04-23T23:16:57.730170Z,19.281918048858643,1,213,221,0.7820453643798828,0.758,1,79,215.57043181402761,199.88543826093533,0.5000185229608317,-84.99605422809896,-7.220678465818252,0.28545490557704273,,,0.7453446388244629,pixel_xy_metric_z,True,True,pf
82,1776986217.9362726,2026-04-23T23:16:57.936273Z,19.4880211353302,1,212,229,0.5866422653198242,0.785,1,79,197.8762074690669,203.5204537739424,0.5703745242055375,-81.90098927896804,0.6019968444279602,0.2895338529032307,,,0.7795666456222534,pixel_xy_metric_z,True,True,pf
83,1776986218.1293237,2026-04-23T23:16:58.129324Z,19.681072235107422,1,233,222,0.7042878866195679,0.821,1,79,198.34676652251198,209.47452718866458,0.6407062810719165,-49.1307071664844,10.152226794678176,0.303932736623529,,,0.5022234916687012,pixel_xy_metric_z,True,True,pf
84,1776986218.3406146,2026-04-23T23:16:58.340615Z,19.89236307144165,0,,,,,1,79,188.2435570396797,211.5379022955358,0.7046593938349868,-48.08680697418818,10.704623287074702,0.304175023209894,,,0.5022234916687012,pixel_xy_metric_z,True,True,pf
85,1776986218.5625126,2026-04-23T23:16:58.562513Z,20.114261150360107,1,496,338,0.7675626873970032,0.0,0,,,,,,,,,,,,,,
86,1776986218.841171,2026-04-23T23:16:58.841171Z,20.392919540405273,1,456,290,0.5160303115844727,0.77,1,80,443.7752736742564,301.6912479614604,0.7806455076923872,-20.286520586890845,0.25908393779961725,0.03711394846385649,,,0.7027888298034668,pixel_xy_metric_z,True,True,kalman
87,1776986219.115234,2026-04-23T23:16:59.115234Z,20.666982412338257,1,441,308,0.6024572849273682,0.808,1,80,431.70781337706984,289.19500150382515,0.2921528757877634,-87.45501150007681,-51.379808171317926,0.2806773647461841,,,0.6024572849273682,pixel_xy_metric_z,True,True,pf
88,1776986219.3301668,2026-04-23T23:16:59.330167Z,20.88191533088684,0,,,,,0,,,,,,,,,,,,,,
89,1776986219.5548165,2026-04-23T23:16:59.554816Z,21.10656499862671,0,,,,,0,,,,,,,,,,,,,,
90,1776986219.8428345,2026-04-23T23:16:59.842834Z,21.394582986831665,0,,,,,0,,,,,,,,,,,,,,
91,1776986220.0386622,2026-04-23T23:17:00.038662Z,21.590410709381104,0,,,,,0,,,,,,,,,,,,,,
92,1776986220.2438352,2026-04-23T23:17:00.243835Z,21.795583724975586,0,,,,,0,,,,,,,,,,,,,,
93,1776986220.4855564,2026-04-23T23:17:00.485556Z,22.037304878234863,0,,,,,0,,,,,,,,,,,,,,
94,1776986220.7425146,2026-04-23T23:17:00.742515Z,22.294263124465942,0,,,,,0,,,,,,,,,,,,,,
95,1776986220.926647,2026-04-23T23:17:00.926647Z,22.478395462036133,0,,,,,0,,,,,,,,,,,,,,
96,1776986221.1460793,2026-04-23T23:17:01.146079Z,22.69782781600952,0,,,,,0,,,,,,,,,,,,,,
97,1776986221.3497283,2026-04-23T23:17:01.349728Z,22.901476860046387,1,309,321,0.5639920234680176,0.767,0,,,,,,,,,,,,,,
98,1776986221.6269672,2026-04-23T23:17:01.626967Z,23.178715705871582,1,294,308,0.6031337976455688,0.0,1,83,305.2536742703642,308.42208063191424,3.753,-3.1267693987761596,-0.6058675032908117,0.0,,,0.7151159644126892,pixel_xy_metric_z,True,True,ukf
99,1776986221.8488793,2026-04-23T23:17:01.848879Z,23.400627851486206,0,,,,,1,83,268.84898340169485,283.67022096815424,0.47468632227979213,-86.96770589501429,-64.72396862091604,-0.5168855110756103,,,0.6338899731636047,pixel_xy_metric_z,True,True,pf
100,1776986222.145186,2026-04-23T23:17:02.145186Z,23.696934461593628,1,245,176,0.6044158935546875,0.828,0,,,,,,,,,,,,,,
101,1776986222.3446848,2026-04-23T23:17:02.344685Z,23.896433353424072,0,,,,,0,,,,,,,,,,,,,,
102,1776986222.5444303,2026-04-23T23:17:02.544430Z,24.096178770065308,0,,,,,0,,,,,,,,,,,,,,
103,1776986222.7421658,2026-04-23T23:17:02.742166Z,24.293914318084717,0,,,,,0,,,,,,,,,,,,,,
104,1776986222.9367583,2026-04-23T23:17:02.936758Z,24.48850679397583,0,,,,,0,,,,,,,,,,,,,,
105,1776986223.1470387,2026-04-23T23:17:03.147039Z,24.698787212371826,0,,,,,0,,,,,,,,,,,,,,
106,1776986223.3344922,2026-04-23T23:17:03.334492Z,24.8862407207489,0,,,,,0,,,,,,,,,,,,,,
107,1776986223.53979,2026-04-23T23:17:03.539790Z,25.091538429260254,0,,,,,0,,,,,,,,,,,,,,
108,1776986223.7256548,2026-04-23T23:17:03.725655Z,25.277403354644775,0,,,,,0,,,,,,,,,,,,,,
109,1776986223.940389,2026-04-23T23:17:03.940389Z,25.49213743209839,0,,,,,0,,,,,,,,,,,,,,
110,1776986224.1321414,2026-04-23T23:17:04.132141Z,25.683889865875244,0,,,,,0,,,,,,,,,,,,,,
111,1776986224.332145,2026-04-23T23:17:04.332145Z,25.883893489837646,0,,,,,0,,,,,,,,,,,,,,
112,1776986224.5487914,2026-04-23T23:17:04.548791Z,26.100539922714233,1,249,369,0.7618494033813477,0.693,0,,,,,,,,,,,,,,
113,1776986224.8539855,2026-04-23T23:17:04.853986Z,26.405734062194824,0,,,,,0,,,,,,,,,,,,,,
114,1776986225.1386974,2026-04-23T23:17:05.138697Z,26.69044589996338,0,,,,,0,,,,,,,,,,,,,,
115,1776986225.3284397,2026-04-23T23:17:05.328440Z,26.88018822669983,1,242,211,0.7072616219520569,0.769,1,92,255.7687280723464,212.52019732378892,0.7661874873180341,3.201083869069759,-0.24296216981457033,-3.2298158669686437e-06,,,0.8572756052017212,pixel_xy_metric_z,True,True,kalman
116,1776986225.5446486,2026-04-23T23:17:05.544649Z,27.096397161483765,1,282,226,0.8657456040382385,0.755,1,92,281.41250100790694,222.87888882586464,0.7631475309945116,29.48514115433732,9.612446304881058,-0.0003112304186054329,,,0.8091018795967102,pixel_xy_metric_z,True,True,kalman
117,1776986225.7443576,2026-04-23T23:17:05.744358Z,27.296106100082397,0,,,,,1,92,349.2702948947304,215.9869796939589,0.8298272948273557,194.7281008930435,-3.7429053467745153,0.09784773615213241,,,0.8091018795967102,pixel_xy_metric_z,True,True,pf
118,1776986225.9300787,2026-04-23T23:17:05.930079Z,27.48182725906372,1,441,216,0.6849563121795654,0.682,0,,,,,,,,,,,,,,
119,1776986226.1365573,2026-04-23T23:17:06.136557Z,27.688305854797363,1,337,151,0.5028079748153687,0.655,0,,,,,,,,,,,,,,
120,1776986226.351418,2026-04-23T23:17:06.351418Z,27.90316653251648,1,308,196,0.7295700907707214,0.531,1,94,321.7270671168887,202.20385510897205,0.447,73.58747772586699,35.7753626565627,0.0,,,0.6775833964347839,pixel_xy_metric_z,True,True,ukf
121,1776986226.6281247,2026-04-23T23:17:06.628125Z,28.17987322807312,1,391,240,0.663175106048584,0.0,1,94,349.1378742086054,243.5593123585289,0.425,-62.872008052372394,143.99603792381376,0.0,,,0.8219170570373535,pixel_xy_metric_z,True,True,ukf
122,1776986226.82868,2026-04-23T23:17:06.828680Z,28.380428552627563,1,309,367,0.8121299743652344,0.0,1,94,297.7195385016297,250.1898450679546,0.17502038248758928,-37.10801990243089,118.44106094140564,-0.5518457176333197,,,0.8234333395957947,pixel_xy_metric_z,True,True,pf
123,1776986227.0495489,2026-04-23T23:17:07.049549Z,28.60129737854004,1,340,321,0.7643525004386902,0.47,2,95,329.3160586446196,330.4930195364829,0.477,21.37816136994797,-85.22173238580835,0.0,,,0.7299011945724487,pixel_xy_metric_z,True,True,ukf
124,1776986227.3479624,2026-04-23T23:17:07.347962Z,28.89971089363098,1,270,174,0.7895803451538086,0.475,3,96,236.6492651262528,210.53431310141323,0.52,-125.93942930573432,-162.1355861039524,0.0,,,0.7855129837989807,pixel_xy_metric_z,True,True,ukf
125,1776986227.5360901,2026-04-23T23:17:07.536090Z,29.087838649749756,0,,,,,1,96,292.04867344869285,273.88833450197944,0.3128380537553338,-31.16366904936155,70.50081190249551,-0.22515983918521287,,,0.7895803451538086,pixel_xy_metric_z,True,True,pf
126,1776986227.7595928,2026-04-23T23:17:07.759593Z,29.311341285705566,0,,,,,0,,,,,,,,,,,,,,
127,1776986228.0238066,2026-04-23T23:17:08.023807Z,29.575555086135864,0,,,,,0,,,,,,,,,,,,,,
128,1776986228.2413886,2026-04-23T23:17:08.241389Z,29.793137073516846,0,,,,,0,,,,,,,,,,,,,,
129,1776986228.4372492,2026-04-23T23:17:08.437249Z,29.9889976978302,1,456,201,0.7733651399612427,0.565,1,99,429.7405044555854,208.03701528092864,0.547,-92.73639818056701,-1.8800166326152847,0.0,,,0.6033653020858765,pixel_xy_metric_z,True,True,ukf
130,1776986228.6477847,2026-04-23T23:17:08.647785Z,30.199533224105835,1,343,300,0.861355185508728,0.571,2,99,470.1708420174215,233.8196347843437,0.25946283174808993,63.75686189778205,112.88388434390906,0.2479659038013106,,,0.6033653020858765,pixel_xy_metric_z,True,True,pf
131,1776986228.8393354,2026-04-23T23:17:08.839335Z,30.39108395576477,0,,,,,1,100,394.74814877637306,328.03616499636905,0.3683653256616397,67.35973504436711,61.26769977862446,-0.26449501830462413,,,0.5274674892425537,pixel_xy_metric_z,True,True,pf
132,1776986229.0451674,2026-04-23T23:17:09.045167Z,30.59691596031189,0,,,,,0,,,,,,,,,,,,,,
133,1776986229.2372017,2026-04-23T23:17:09.237202Z,30.788950204849243,0,,,,,0,,,,,,,,,,,,,,
134,1776986229.4625847,2026-04-23T23:17:09.462585Z,31.014333248138428,1,349,183,0.6674971580505371,0.763,1,101,353.27478129362373,225.13190725662645,0.37623329266178496,-16.4104746228696,-83.01645851911802,-0.05462383015190079,,,0.6674971580505371,pixel_xy_metric_z,True,True,pf
135,1776986229.7494857,2026-04-23T23:17:09.749486Z,31.301234245300293,0,,,,,0,,,,,,,,,,,,,,
136,1776986230.0323822,2026-04-23T23:17:10.032382Z,31.58413076400757,0,,,,,0,,,,,,,,,,,,,,
137,1776986230.2248785,2026-04-23T23:17:10.224879Z,31.77662706375122,0,,,,,0,,,,,,,,,,,,,,
138,1776986230.4935691,2026-04-23T23:17:10.493569Z,32.04531764984131,1,227,289,0.575296938419342,0.449,1,103,189.6317234331952,286.69904767641594,0.383,-173.90094278094864,3.3504645020153534,0.0,,,0.6389102935791016,pixel_xy_metric_z,True,True,ukf
139,1776986230.786554,2026-04-23T23:17:10.786554Z,32.33830261230469,1,213,210,0.5775565505027771,0.862,1,103,273.5931391465879,230.55260065584974,0.793,56.82269849118242,-222.43924611840927,0.0,,,0.5175244808197021,pixel_xy_metric_z,True,True,ukf
140,1776986231.0829349,2026-04-23T23:17:11.082935Z,32.63468337059021,0,,,,,1,103,149.53631596636748,236.36259348681887,0.5243648673423383,-80.02709682597732,-46.017602968104796,0.06529779234784652,,,0.6270546317100525,pixel_xy_metric_z,True,True,pf
141,1776986231.4133208,2026-04-23T23:17:11.413321Z,32.96506929397583,0,,,,,0,,,,,,,,,,,,,,
142,1776986231.6572094,2026-04-23T23:17:11.657209Z,33.20895791053772,1,486,220,0.733522891998291,0.492,1,107,518.3787075630822,275.451909674052,0.491,19.207290937300687,217.2823399199487,0.0,,,0.8078354597091675,pixel_xy_metric_z,True,True,ukf
143,1776986231.954633,2026-04-23T23:17:11.954633Z,33.50638151168823,0,,,,,1,107,431.0177654749057,305.5922595847521,0.42,-145.1013522691227,-55.15394794827428,0.0,,,0.7525897026062012,pixel_xy_metric_z,True,True,ukf
144,1776986232.252001,2026-04-23T23:17:12.252001Z,33.803749561309814,1,178,208,0.787361204624176,0.579,1,107,475.5213613986001,328.9675306507066,0.331169768160288,0.6228351556826179,131.25105021864925,-0.24369121477072533,,,0.7525897026062012,pixel_xy_metric_z,True,True,pf
145,1776986232.5635972,2026-04-23T23:17:12.563597Z,34.11534571647644,1,307,332,0.8281269669532776,0.622,2,109,303.60769799155287,320.06100185447303,0.622,-4.5150166367542175,43.168700374175565,0.0,,,0.8281269669532776,pixel_xy_metric_z,True,True,ukf
146,1776986232.8950624,2026-04-23T23:17:12.895062Z,34.44681096076965,1,106,139,0.6973141431808472,0.0,0,,,,,,,,,,,,,,
147,1776986233.1478407,2026-04-23T23:17:13.147841Z,34.699589252471924,0,,,,,0,,,,,,,,,,,,,,
148,1776986233.3406792,2026-04-23T23:17:13.340679Z,34.89242768287659,1,127,101,0.5123533010482788,0.809,0,,,,,,,,,,,,,,
149,1776986233.5362837,2026-04-23T23:17:13.536284Z,35.088032245635986,0,,,,,0,,,,,,,,,,,,,,
150,1776986233.7465105,2026-04-23T23:17:13.746511Z,35.298259019851685,1,387,242,0.6261613368988037,0.0,0,,,,,,,,,,,,,,
151,1776986233.9416096,2026-04-23T23:17:13.941610Z,35.49335813522339,0,,,,,0,,,,,,,,,,,,,,
152,1776986234.1371758,2026-04-23T23:17:14.137176Z,35.68892431259155,0,,,,,0,,,,,,,,,,,,,,
153,1776986234.331109,2026-04-23T23:17:14.331109Z,35.88285756111145,0,,,,,0,,,,,,,,,,,,,,
154,1776986234.5445929,2026-04-23T23:17:14.544593Z,36.096341371536255,0,,,,,0,,,,,,,,,,,,,,
155,1776986234.723844,2026-04-23T23:17:14.723844Z,36.2755925655365,1,530,281,0.7517834305763245,0.535,1,119,535.4574601410193,247.5920801428318,0.547,44.89171937341537,-19.59879153976157,0.0,,,0.8084463477134705,pixel_xy_metric_z,True,True,ukf
156,1776986234.9336987,2026-04-23T23:17:14.933699Z,36.48544716835022,0,,,,,1,119,565.4587671330444,210.70698474388317,0.537,-118.1437848287604,-180.3856434742109,0.0,,,0.5598397850990295,pixel_xy_metric_z,True,True,ukf
157,1776986235.1499143,2026-04-23T23:17:15.149914Z,36.70166277885437,0,,,,,1,119,532.5196209797072,274.5569332062985,0.2241811420837174,7.141679431037089,39.84719143680903,0.09361088866533303,,,0.8084463477134705,pixel_xy_metric_z,True,True,pf
158,1776986235.4648032,2026-04-23T23:17:15.464803Z,37.01655173301697,0,,,,,0,,,,,,,,,,,,,,
159,1776986235.7366567,2026-04-23T23:17:15.736657Z,37.28840517997742,0,,,,,0,,,,,,,,,,,,,,
160,1776986235.9359214,2026-04-23T23:17:15.935921Z,37.487669944763184,0,,,,,0,,,,,,,,,,,,,,
161,1776986236.1317275,2026-04-23T23:17:16.131727Z,37.683475971221924,1,483,303,0.6975860595703125,0.537,0,,,,,,,,,,,,,,
162,1776986236.3959994,2026-04-23T23:17:16.395999Z,37.94774794578552,0,,,,,0,,,,,,,,,,,,,,
163,1776986236.6321855,2026-04-23T23:17:16.632185Z,38.18393397331238,0,,,,,0,,,,,,,,,,,,,,
164,1776986236.8423567,2026-04-23T23:17:16.842357Z,38.394105195999146,1,131,150,0.7699958086013794,0.0,0,,,,,,,,,,,,,,
165,1776986237.0392795,2026-04-23T23:17:17.039279Z,38.5910279750824,0,,,,,0,,,,,,,,,,,,,,
166,1776986237.231683,2026-04-23T23:17:17.231683Z,38.78343152999878,0,,,,,0,,,,,,,,,,,,,,
167,1776986237.4473932,2026-04-23T23:17:17.447393Z,38.999141693115234,0,,,,,0,,,,,,,,,,,,,,
168,1776986237.711819,2026-04-23T23:17:17.711819Z,39.26356744766235,1,56,267,0.5232529044151306,0.867,0,,,,,,,,,,,,,,
169,1776986237.936368,2026-04-23T23:17:17.936368Z,39.48811650276184,0,,,,,0,,,,,,,,,,,,,,
170,1776986238.130205,2026-04-23T23:17:18.130205Z,39.68195343017578,1,228,383,0.8652369379997253,1.151,1,123,230.28676069508907,374.8532579595788,1.0505597206606947,-1.2437712038089659,-8.266232464559696,-0.021458267100230598,,,0.9233933091163635,pixel_xy_metric_z,True,True,kalman
171,1776986238.3456652,2026-04-23T23:17:18.345665Z,39.89741373062134,1,231,348,0.8677963614463806,0.718,1,123,217.72538460041193,335.59522369454726,0.669,22.599147415244843,-170.5935445399643,0.0,,,0.8544802069664001,pixel_xy_metric_z,True,True,ukf
172,1776986238.549506,2026-04-23T23:17:18.549506Z,40.1012544631958,1,227,245,0.8149868845939636,0.633,1,123,194.2596451107874,306.6461450829556,0.9144096518011626,-56.36560734998412,-108.28792753914114,-0.1482857785453855,,,0.8149868845939636,pixel_xy_metric_z,True,True,pf
173,1776986238.845145,2026-04-23T23:17:18.845145Z,40.39689350128174,0,,,,,0,,,,,,,,,,,,,,
174,1776986239.033223,2026-04-23T23:17:19.033223Z,40.58497142791748,1,374,221,0.8675838708877563,0.417,0,,,,,,,,,,,,,,
175,1776986239.2686381,2026-04-23T23:17:19.268638Z,40.8203866481781,0,,,,,1,126,374.2170519133292,248.95904935234688,0.521,-31.14531966696825,-56.541353164355,0.0,,,0.740527868270874,pixel_xy_metric_z,True,True,ukf
176,1776986239.547662,2026-04-23T23:17:19.547662Z,41.09941053390503,0,,,,,1,126,356.5624157997989,314.0563958158608,0.5389911238287339,-44.41864813166614,151.01071171201875,0.029872085060707345,,,0.8654330372810364,pixel_xy_metric_z,True,True,pf
177,1776986239.7393246,2026-04-23T23:17:19.739325Z,41.29107308387756,0,,,,,0,,,,,,,,,,,,,,
178,1776986239.934695,2026-04-23T23:17:19.934695Z,41.486443519592285,0,,,,,0,,,,,,,,,,,,,,
179,1776986240.135094,2026-04-23T23:17:20.135094Z,41.68684244155884,0,,,,,0,,,,,,,,,,,,,,
180,1776986240.3375313,2026-04-23T23:17:20.337531Z,41.88927984237671,0,,,,,0,,,,,,,,,,,,,,
181,1776986240.5558445,2026-04-23T23:17:20.555845Z,42.107593059539795,0,,,,,0,,,,,,,,,,,,,,
182,1776986240.8342,2026-04-23T23:17:20.834200Z,42.38594841957092,0,,,,,0,,,,,,,,,,,,,,
183,1776986241.0282829,2026-04-23T23:17:21.028283Z,42.580031394958496,0,,,,,0,,,,,,,,,,,,,,
184,1776986241.236934,2026-04-23T23:17:21.236934Z,42.78868246078491,0,,,,,0,,,,,,,,,,,,,,
185,1776986241.4577615,2026-04-23T23:17:21.457762Z,43.0095100402832,0,,,,,0,,,,,,,,,,,,,,
186,1776986241.7340715,2026-04-23T23:17:21.734071Z,43.28582000732422,0,,,,,0,,,,,,,,,,,,,,
187,1776986241.9442046,2026-04-23T23:17:21.944205Z,43.49595308303833,0,,,,,0,,,,,,,,,,,,,,
188,1776986242.1372173,2026-04-23T23:17:22.137217Z,43.688965797424316,0,,,,,0,,,,,,,,,,,,,,
189,1776986242.3338013,2026-04-23T23:17:22.333801Z,43.885549783706665,0,,,,,0,,,,,,,,,,,,,,
190,1776986242.552484,2026-04-23T23:17:22.552484Z,44.10423254966736,0,,,,,0,,,,,,,,,,,,,,
191,1776986242.8353887,2026-04-23T23:17:22.835389Z,44.38713717460632,0,,,,,0,,,,,,,,,,,,,,
192,1776986243.0594666,2026-04-23T23:17:23.059467Z,44.611215114593506,0,,,,,0,,,,,,,,,,,,,,
193,1776986243.3294566,2026-04-23T23:17:23.329457Z,44.8812050819397,0,,,,,0,,,,,,,,,,,,,,
194,1776986243.5335073,2026-04-23T23:17:23.533507Z,45.08525586128235,0,,,,,0,,,,,,,,,,,,,,
195,1776986243.7247431,2026-04-23T23:17:23.724743Z,45.27649164199829,0,,,,,0,,,,,,,,,,,,,,
196,1776986243.9358099,2026-04-23T23:17:23.935810Z,45.487558364868164,0,,,,,0,,,,,,,,,,,,,,
197,1776986244.1434774,2026-04-23T23:17:24.143477Z,45.695225954055786,0,,,,,0,,,,,,,,,,,,,,
198,1776986244.3355749,2026-04-23T23:17:24.335575Z,45.8873233795166,0,,,,,0,,,,,,,,,,,,,,
199,1776986244.5672889,2026-04-23T23:17:24.567289Z,46.11903738975525,0,,,,,0,,,,,,,,,,,,,,
200,1776986244.849594,2026-04-23T23:17:24.849594Z,46.40134263038635,0,,,,,0,,,,,,,,,,,,,,
201,1776986245.146865,2026-04-23T23:17:25.146865Z,46.69861340522766,0,,,,,0,,,,,,,,,,,,,,
202,1776986245.3415866,2026-04-23T23:17:25.341587Z,46.89333510398865,0,,,,,0,,,,,,,,,,,,,,
203,1776986245.6295347,2026-04-23T23:17:25.629535Z,47.18128323554993,0,,,,,0,,,,,,,,,,,,,,
204,1776986245.9767501,2026-04-23T23:17:25.976750Z,47.52849864959717,0,,,,,0,,,,,,,,,,,,,,
205,1776986246.3345475,2026-04-23T23:17:26.334548Z,47.88629603385925,0,,,,,0,,,,,,,,,,,,,,
206,1776986246.5800498,2026-04-23T23:17:26.580050Z,48.1317982673645,0,,,,,0,,,,,,,,,,,,,,
207,1776986246.907041,2026-04-23T23:17:26.907041Z,48.458789587020874,0,,,,,0,,,,,,,,,,,,,,
208,1776986247.1386836,2026-04-23T23:17:27.138684Z,48.69043207168579,0,,,,,0,,,,,,,,,,,,,,
209,1776986247.333172,2026-04-23T23:17:27.333172Z,48.884920597076416,0,,,,,0,,,,,,,,,,,,,,
210,1776986247.5344648,2026-04-23T23:17:27.534465Z,49.08621335029602,0,,,,,0,,,,,,,,,,,,,,
211,1776986247.7404492,2026-04-23T23:17:27.740449Z,49.292197704315186,0,,,,,0,,,,,,,,,,,,,,
212,1776986247.9324813,2026-04-23T23:17:27.932481Z,49.48422980308533,0,,,,,0,,,,,,,,,,,,,,
213,1776986248.1348226,2026-04-23T23:17:28.134823Z,49.68657112121582,0,,,,,0,,,,,,,,,,,,,,
214,1776986248.3323452,2026-04-23T23:17:28.332345Z,49.88409376144409,0,,,,,0,,,,,,,,,,,,,,
215,1776986248.5310118,2026-04-23T23:17:28.531012Z,50.08276033401489,0,,,,,0,,,,,,,,,,,,,,
216,1776986248.7463868,2026-04-23T23:17:28.746387Z,50.29813528060913,0,,,,,0,,,,,,,,,,,,,,
217,1776986248.9280243,2026-04-23T23:17:28.928024Z,50.4797728061676,0,,,,,0,,,,,,,,,,,,,,
218,1776986249.1336882,2026-04-23T23:17:29.133688Z,50.685436725616455,0,,,,,0,,,,,,,,,,,,,,
219,1776986249.3345978,2026-04-23T23:17:29.334598Z,50.88634634017944,0,,,,,0,,,,,,,,,,,,,,
220,1776986249.5433204,2026-04-23T23:17:29.543320Z,51.09506893157959,0,,,,,0,,,,,,,,,,,,,,
221,1776986249.7330735,2026-04-23T23:17:29.733073Z,51.2848219871521,0,,,,,0,,,,,,,,,,,,,,
222,1776986249.9277215,2026-04-23T23:17:29.927722Z,51.479470014572144,0,,,,,0,,,,,,,,,,,,,,
223,1776986250.1273954,2026-04-23T23:17:30.127395Z,51.67914390563965,0,,,,,0,,,,,,,,,,,,,,
224,1776986250.3227463,2026-04-23T23:17:30.322746Z,51.874494791030884,0,,,,,0,,,,,,,,,,,,,,
225,1776986250.5476067,2026-04-23T23:17:30.547607Z,52.09935522079468,0,,,,,0,,,,,,,,,,,,,,
226,1776986250.7315986,2026-04-23T23:17:30.731599Z,52.28334712982178,0,,,,,0,,,,,,,,,,,,,,
227,1776986250.930564,2026-04-23T23:17:30.930564Z,52.48231244087219,0,,,,,0,,,,,,,,,,,,,,
228,1776986251.1428216,2026-04-23T23:17:31.142822Z,52.69457006454468,0,,,,,0,,,,,,,,,,,,,,
229,1776986251.3434923,2026-04-23T23:17:31.343492Z,52.895240783691406,0,,,,,0,,,,,,,,,,,,,,
230,1776986251.542807,2026-04-23T23:17:31.542807Z,53.094555616378784,0,,,,,0,,,,,,,,,,,,,,
231,1776986251.733506,2026-04-23T23:17:31.733506Z,53.28525447845459,0,,,,,0,,,,,,,,,,,,,,
232,1776986251.924338,2026-04-23T23:17:31.924338Z,53.47608661651611,0,,,,,0,,,,,,,,,,,,,,
233,1776986252.1294534,2026-04-23T23:17:32.129453Z,53.68120193481445,0,,,,,0,,,,,,,,,,,,,,
234,1776986252.3293974,2026-04-23T23:17:32.329397Z,53.88114595413208,0,,,,,0,,,,,,,,,,,,,,
235,1776986252.5621228,2026-04-23T23:17:32.562123Z,54.113871335983276,0,,,,,0,,,,,,,,,,,,,,
236,1776986252.8685107,2026-04-23T23:17:32.868511Z,54.42025923728943,0,,,,,0,,,,,,,,,,,,,,
237,1776986253.132022,2026-04-23T23:17:33.132022Z,54.683770418167114,0,,,,,0,,,,,,,,,,,,,,
238,1776986253.338626,2026-04-23T23:17:33.338626Z,54.890374422073364,0,,,,,0,,,,,,,,,,,,,,
239,1776986253.543463,2026-04-23T23:17:33.543463Z,55.09521150588989,0,,,,,0,,,,,,,,,,,,,,
240,1776986253.7325504,2026-04-23T23:17:33.732550Z,55.28429889678955,0,,,,,0,,,,,,,,,,,,,,
241,1776986253.9262846,2026-04-23T23:17:33.926285Z,55.4780330657959,0,,,,,0,,,,,,,,,,,,,,
242,1776986254.1313956,2026-04-23T23:17:34.131396Z,55.683144092559814,0,,,,,0,,,,,,,,,,,,,,
243,1776986254.3311586,2026-04-23T23:17:34.331159Z,55.8829071521759,0,,,,,0,,,,,,,,,,,,,,
244,1776986254.5347986,2026-04-23T23:17:34.534799Z,56.08654713630676,0,,,,,0,,,,,,,,,,,,,,
245,1776986254.7316844,2026-04-23T23:17:34.731684Z,56.283432960510254,0,,,,,0,,,,,,,,,,,,,,
246,1776986254.940267,2026-04-23T23:17:34.940267Z,56.49201560020447,0,,,,,0,,,,,,,,,,,,,,
247,1776986255.1388586,2026-04-23T23:17:35.138859Z,56.69060707092285,0,,,,,0,,,,,,,,,,,,,,
248,1776986255.3282588,2026-04-23T23:17:35.328259Z,56.88000726699829,0,,,,,0,,,,,,,,,,,,,,
249,1776986255.6804206,2026-04-23T23:17:35.680421Z,57.23216915130615,0,,,,,0,,,,,,,,,,,,,,
250,1776986255.9545586,2026-04-23T23:17:35.954559Z,57.50630712509155,0,,,,,0,,,,,,,,,,,,,,
251,1776986256.2384999,2026-04-23T23:17:36.238500Z,57.79024839401245,0,,,,,0,,,,,,,,,,,,,,
252,1776986256.4541569,2026-04-23T23:17:36.454157Z,58.00590538978577,0,,,,,0,,,,,,,,,,,,,,
253,1776986256.729789,2026-04-23T23:17:36.729789Z,58.2815375328064,0,,,,,0,,,,,,,,,,,,,,
254,1776986256.9355483,2026-04-23T23:17:36.935548Z,58.48729681968689,0,,,,,0,,,,,,,,,,,,,,
255,1776986257.1315446,2026-04-23T23:17:37.131545Z,58.68329310417175,0,,,,,0,,,,,,,,,,,,,,
256,1776986257.3315048,2026-04-23T23:17:37.331505Z,58.88325333595276,0,,,,,0,,,,,,,,,,,,,,
257,1776986257.541556,2026-04-23T23:17:37.541556Z,59.09330439567566,0,,,,,0,,,,,,,,,,,,,,
258,1776986257.8057878,2026-04-23T23:17:37.805788Z,59.35753631591797,0,,,,,0,,,,,,,,,,,,,,
259,1776986258.0247977,2026-04-23T23:17:38.024798Z,59.57654619216919,0,,,,,0,,,,,,,,,,,,,,
260,1776986258.2277179,2026-04-23T23:17:38.227718Z,59.77946639060974,0,,,,,0,,,,,,,,,,,,,,
261,1776986258.4275017,2026-04-23T23:17:38.427502Z,59.97925019264221,0,,,,,0,,,,,,,,,,,,,,
262,1776986258.6287959,2026-04-23T23:17:38.628796Z,60.18054437637329,0,,,,,0,,,,,,,,,,,,,,
263,1776986258.8314915,2026-04-23T23:17:38.831491Z,60.38323998451233,0,,,,,0,,,,,,,,,,,,,,
264,1776986259.0281484,2026-04-23T23:17:39.028148Z,60.57989692687988,0,,,,,0,,,,,,,,,,,,,,
265,1776986259.2248433,2026-04-23T23:17:39.224843Z,60.776591777801514,0,,,,,0,,,,,,,,,,,,,,
266,1776986259.4344037,2026-04-23T23:17:39.434404Z,60.98615217208862,0,,,,,0,,,,,,,,,,,,,,
267,1776986259.6462579,2026-04-23T23:17:39.646258Z,61.19800639152527,0,,,,,0,,,,,,,,,,,,,,
268,1776986259.8565092,2026-04-23T23:17:39.856509Z,61.408257722854614,0,,,,,0,,,,,,,,,,,,,,
269,1776986260.1312692,2026-04-23T23:17:40.131269Z,61.68301773071289,0,,,,,0,,,,,,,,,,,,,,
270,1776986260.3439462,2026-04-23T23:17:40.343946Z,61.895694732666016,0,,,,,0,,,,,,,,,,,,,,
271,1776986260.5813818,2026-04-23T23:17:40.581382Z,62.13313031196594,0,,,,,0,,,,,,,,,,,,,,
272,1776986260.845682,2026-04-23T23:17:40.845682Z,62.397430419921875,0,,,,,0,,,,,,,,,,,,,,
273,1776986261.0345051,2026-04-23T23:17:41.034505Z,62.58625364303589,0,,,,,0,,,,,,,,,,,,,,
274,1776986261.2338452,2026-04-23T23:17:41.233845Z,62.78559374809265,0,,,,,0,,,,,,,,,,,,,,
275,1776986261.4774425,2026-04-23T23:17:41.477443Z,63.02919101715088,0,,,,,0,,,,,,,,,,,,,,
276,1776986261.7773252,2026-04-23T23:17:41.777325Z,63.329073667526245,0,,,,,0,,,,,,,,,,,,,,
277,1776986262.0457387,2026-04-23T23:17:42.045739Z,63.59748721122742,0,,,,,0,,,,,,,,,,,,,,
278,1776986262.2509525,2026-04-23T23:17:42.250952Z,63.802700996398926,0,,,,,0,,,,,,,,,,,,,,
279,1776986262.5685942,2026-04-23T23:17:42.568594Z,64.12034273147583,0,,,,,0,,,,,,,,,,,,,,
280,1776986262.8630683,2026-04-23T23:17:42.863068Z,64.41481685638428,0,,,,,0,,,,,,,,,,,,,,
281,1776986263.1433578,2026-04-23T23:17:43.143358Z,64.69510626792908,0,,,,,0,,,,,,,,,,,,,,
282,1776986263.344174,2026-04-23T23:17:43.344174Z,64.89592242240906,0,,,,,0,,,,,,,,,,,,,,
