tick,wall_time_unix,wall_time_iso,dt_since_start_s,log_line_age_s,mode,j1_deg,j2_deg,v_j1_deg_per_tick,v_j2_deg_per_tick,cx_norm,cy_norm,raw_log_line
0,1776985727.602733,2026-04-23T23:08:47.602733Z,0.18213725090026855,,,,,,,,,
1,1776985727.7995481,2026-04-23T23:08:47.799548Z,0.3789525032043457,,,,,,,,,
2,1776985728.011455,2026-04-23T23:08:48.011455Z,0.5908594131469727,0.020672082901000977,COAST,-17.08,-91.31,-0.01,0.0,,,"[COAST] j1=-17.08 j2=-91.31 v=(-0.010,+0.000) (cx=nan, cy=nan)"
3,1776985728.1989636,2026-04-23T23:08:48.198964Z,0.7783679962158203,0.20818066596984863,COAST,-17.08,-91.31,-0.01,0.0,,,"[COAST] j1=-17.08 j2=-91.31 v=(-0.010,+0.000) (cx=nan, cy=nan)"
4,1776985728.4069169,2026-04-23T23:08:48.406917Z,0.986321210861206,0.4161338806152344,COAST,-17.08,-91.31,-0.01,0.0,,,"[COAST] j1=-17.08 j2=-91.31 v=(-0.010,+0.000) (cx=nan, cy=nan)"
5,1776985728.6073377,2026-04-23T23:08:48.607338Z,1.1867420673370361,0.6165547370910645,COAST,-17.08,-91.31,-0.01,0.0,,,"[COAST] j1=-17.08 j2=-91.31 v=(-0.010,+0.000) (cx=nan, cy=nan)"
6,1776985728.796525,2026-04-23T23:08:48.796525Z,1.375929355621338,0.8057420253753662,COAST,-17.08,-91.31,-0.01,0.0,,,"[COAST] j1=-17.08 j2=-91.31 v=(-0.010,+0.000) (cx=nan, cy=nan)"
7,1776985729.0107481,2026-04-23T23:08:49.010748Z,1.5901525020599365,1.0199651718139648,COAST,-17.08,-91.31,-0.01,0.0,,,"[COAST] j1=-17.08 j2=-91.31 v=(-0.010,+0.000) (cx=nan, cy=nan)"
8,1776985729.2044258,2026-04-23T23:08:49.204426Z,1.783830165863037,1.2136428356170654,COAST,-17.08,-91.31,-0.01,0.0,,,"[COAST] j1=-17.08 j2=-91.31 v=(-0.010,+0.000) (cx=nan, cy=nan)"
9,1776985729.413189,2026-04-23T23:08:49.413189Z,1.9925932884216309,1.4224059581756592,COAST,-17.08,-91.31,-0.01,0.0,,,"[COAST] j1=-17.08 j2=-91.31 v=(-0.010,+0.000) (cx=nan, cy=nan)"
10,1776985729.6042023,2026-04-23T23:08:49.604202Z,2.1836066246032715,1.6134192943572998,COAST,-17.08,-91.31,-0.01,0.0,,,"[COAST] j1=-17.08 j2=-91.31 v=(-0.010,+0.000) (cx=nan, cy=nan)"
11,1776985729.8064563,2026-04-23T23:08:49.806456Z,2.3858606815338135,1.8156733512878418,COAST,-17.08,-91.31,-0.01,0.0,,,"[COAST] j1=-17.08 j2=-91.31 v=(-0.010,+0.000) (cx=nan, cy=nan)"
12,1776985730.0041718,2026-04-23T23:08:50.004172Z,2.583576202392578,2.0133888721466064,COAST,-17.08,-91.31,-0.01,0.0,,,"[COAST] j1=-17.08 j2=-91.31 v=(-0.010,+0.000) (cx=nan, cy=nan)"
13,1776985730.2038882,2026-04-23T23:08:50.203888Z,2.783292531967163,2.2131052017211914,COAST,-17.08,-91.31,-0.01,0.0,,,"[COAST] j1=-17.08 j2=-91.31 v=(-0.010,+0.000) (cx=nan, cy=nan)"
14,1776985730.4726777,2026-04-23T23:08:50.472678Z,3.052082061767578,2.4818947315216064,COAST,-17.08,-91.31,-0.01,0.0,,,"[COAST] j1=-17.08 j2=-91.31 v=(-0.010,+0.000) (cx=nan, cy=nan)"
15,1776985730.7407107,2026-04-23T23:08:50.740711Z,3.320115089416504,0.021809816360473633,MOVE,-18.04,-90.57,-0.956,0.744,0.82,0.25,"[MOVE] j1=-18.04 j2=-90.57 v=(-0.956,+0.744) (cx=0.82, cy=0.25)"
16,1776985731.0381167,2026-04-23T23:08:51.038117Z,3.617521047592163,0.020864248275756836,MOVE,-25.84,-85.07,-1.016,0.632,0.84,0.29,"[MOVE] j1=-25.84 j2=-85.07 v=(-1.016,+0.632) (cx=0.84, cy=0.29)"
17,1776985731.34829,2026-04-23T23:08:51.348290Z,3.927694320678711,0.01735401153564453,MOVE,-33.39,-80.77,-0.9,0.473,0.8,0.34,"[MOVE] j1=-33.39 j2=-80.77 v=(-0.900,+0.473) (cx=0.80, cy=0.34)"
18,1776985731.6508403,2026-04-23T23:08:51.650840Z,4.2302446365356445,0.023114919662475586,MOVE,-39.4,-77.92,0.164,0.0,0.45,0.47,"[MOVE] j1=-39.40 j2=-77.92 v=(+0.164,+0.000) (cx=0.45, cy=0.47)"
19,1776985732.0006409,2026-04-23T23:08:52.000641Z,4.580045223236084,0.0002105236053466797,MOVE,-35.19,-77.92,0.57,0.0,0.31,0.46,"[MOVE] j1=-35.19 j2=-77.92 v=(+0.570,+0.000) (cx=0.31, cy=0.46)"
20,1776985732.2115917,2026-04-23T23:08:52.211592Z,4.790996074676514,0.01859307289123535,MOVE,-32.23,-77.6,0.515,0.163,0.33,0.45,"[MOVE] j1=-32.23 j2=-77.60 v=(+0.515,+0.163) (cx=0.33, cy=0.45)"
21,1776985732.4246855,2026-04-23T23:08:52.424685Z,5.004089832305908,0.010637760162353516,COAST,-29.35,-76.64,0.394,0.131,,,"[COAST] j1=-29.35 j2=-76.64 v=(+0.394,+0.131) (cx=nan, cy=nan)"
22,1776985732.6987517,2026-04-23T23:08:52.698752Z,5.278156042098999,0.01458287239074707,MOVE,-27.97,-75.21,-0.159,0.506,0.55,0.33,"[MOVE] j1=-27.97 j2=-75.21 v=(-0.159,+0.506) (cx=0.55, cy=0.33)"
23,1776985732.916076,2026-04-23T23:08:52.916076Z,5.495480298995972,0.010178804397583008,MOVE,-29.05,-71.89,-0.203,0.611,0.57,0.3,"[MOVE] j1=-29.05 j2=-71.89 v=(-0.203,+0.611) (cx=0.57, cy=0.30)"
24,1776985733.104682,2026-04-23T23:08:53.104682Z,5.684086322784424,0.014934062957763672,MOVE,-30.04,-68.77,-0.18,0.624,0.56,0.29,"[MOVE] j1=-30.04 j2=-68.77 v=(-0.180,+0.624) (cx=0.56, cy=0.29)"
25,1776985733.306402,2026-04-23T23:08:53.306402Z,5.885806322097778,0.03235745429992676,MOVE,-30.35,-65.65,0.0,0.623,0.51,0.29,"[MOVE] j1=-30.35 j2=-65.65 v=(+0.000,+0.623) (cx=0.51, cy=0.29)"
26,1776985733.502493,2026-04-23T23:08:53.502493Z,6.081897258758545,0.0027985572814941406,MOVE,-30.35,-62.68,0.0,0.4,0.47,0.37,"[MOVE] j1=-30.35 j2=-62.68 v=(+0.000,+0.400) (cx=0.47, cy=0.37)"
27,1776985733.6987417,2026-04-23T23:08:53.698742Z,6.278146028518677,0.0070040225982666016,MOVE,-30.35,-61.9,0.0,0.0,0.45,0.47,"[MOVE] j1=-30.35 j2=-61.90 v=(+0.000,+0.000) (cx=0.45, cy=0.47)"
28,1776985733.9146903,2026-04-23T23:08:53.914690Z,6.494094610214233,0.034462928771972656,MOVE,-30.35,-61.9,0.0,0.0,0.48,0.55,"[MOVE] j1=-30.35 j2=-61.90 v=(+0.000,+0.000) (cx=0.48, cy=0.55)"
29,1776985734.0980265,2026-04-23T23:08:54.098027Z,6.677430868148804,0.03188586235046387,MOVE,-30.35,-62.38,0.0,0.0,0.51,0.54,"[MOVE] j1=-30.35 j2=-62.38 v=(+0.000,+0.000) (cx=0.51, cy=0.54)"
30,1776985734.3125556,2026-04-23T23:08:54.312556Z,6.89195990562439,0.026809215545654297,MOVE,-30.35,-62.38,0.0,0.0,0.52,0.48,"[MOVE] j1=-30.35 j2=-62.38 v=(+0.000,+0.000) (cx=0.52, cy=0.48)"
31,1776985734.5070965,2026-04-23T23:08:54.507097Z,7.086500883102417,0.032941579818725586,MOVE,-30.35,-62.01,0.0,0.183,0.52,0.44,"[MOVE] j1=-30.35 j2=-62.01 v=(+0.000,+0.183) (cx=0.52, cy=0.44)"
32,1776985734.712643,2026-04-23T23:08:54.712643Z,7.2920472621917725,0.017449140548706055,MOVE,-30.35,-60.78,0.0,0.203,0.5,0.43,"[MOVE] j1=-30.35 j2=-60.78 v=(+0.000,+0.203) (cx=0.50, cy=0.43)"
33,1776985734.9004915,2026-04-23T23:08:54.900491Z,7.479895830154419,0.0167236328125,MOVE,-30.88,-59.85,-0.167,0.191,0.56,0.44,"[MOVE] j1=-30.88 j2=-59.85 v=(-0.167,+0.191) (cx=0.56, cy=0.44)"
34,1776985735.1078625,2026-04-23T23:08:55.107862Z,7.687266826629639,0.03173637390136719,MOVE,-31.78,-58.91,-0.187,0.162,0.56,0.45,"[MOVE] j1=-31.78 j2=-58.91 v=(-0.187,+0.162) (cx=0.56, cy=0.45)"
35,1776985735.314059,2026-04-23T23:08:55.314059Z,7.893463373184204,0.01570892333984375,MOVE,-33.09,-57.91,-0.246,0.155,0.58,0.45,"[MOVE] j1=-33.09 j2=-57.91 v=(-0.246,+0.155) (cx=0.58, cy=0.45)"
36,1776985735.5779312,2026-04-23T23:08:55.577931Z,8.15733551979065,0.01976299285888672,MOVE,-35.31,-57.54,-0.38,0.186,0.63,0.44,"[MOVE] j1=-35.31 j2=-57.54 v=(-0.380,+0.186) (cx=0.63, cy=0.44)"
37,1776985735.8049178,2026-04-23T23:08:55.804918Z,8.384322166442871,0.02792501449584961,MOVE,-37.56,-56.06,-0.378,0.266,0.63,0.41,"[MOVE] j1=-37.56 j2=-56.06 v=(-0.378,+0.266) (cx=0.63, cy=0.41)"
38,1776985736.0105517,2026-04-23T23:08:56.010552Z,8.589956045150757,0.012315034866333008,MOVE,-40.03,-54.35,-0.44,0.249,0.65,0.42,"[MOVE] j1=-40.03 j2=-54.35 v=(-0.440,+0.249) (cx=0.65, cy=0.42)"
39,1776985736.1999705,2026-04-23T23:08:56.199970Z,8.779374837875366,0.009424448013305664,MOVE,-42.54,-53.57,-0.571,0.0,0.69,0.45,"[MOVE] j1=-42.54 j2=-53.57 v=(-0.571,+0.000) (cx=0.69, cy=0.45)"
40,1776985736.418283,2026-04-23T23:08:56.418283Z,8.997687339782715,0.007010221481323242,MOVE,-46.17,-53.57,-0.625,0.0,0.71,0.49,"[MOVE] j1=-46.17 j2=-53.57 v=(-0.625,+0.000) (cx=0.71, cy=0.49)"
41,1776985736.5973468,2026-04-23T23:08:56.597347Z,9.176751136779785,0.03359365463256836,MOVE,-48.69,-53.57,-0.631,0.0,0.71,0.51,"[MOVE] j1=-48.69 j2=-53.57 v=(-0.631,+0.000) (cx=0.71, cy=0.51)"
42,1776985736.795548,2026-04-23T23:08:56.795548Z,9.37495231628418,0.011659622192382812,MOVE,-52.32,-53.57,-0.589,0.0,0.7,0.53,"[MOVE] j1=-52.32 j2=-53.57 v=(-0.589,+0.000) (cx=0.70, cy=0.53)"
43,1776985737.0122871,2026-04-23T23:08:57.012287Z,9.591691493988037,0.00681614875793457,MOVE,-55.64,-53.94,-0.529,-0.187,0.68,0.56,"[MOVE] j1=-55.64 j2=-53.94 v=(-0.529,-0.187) (cx=0.68, cy=0.56)"
44,1776985737.21571,2026-04-23T23:08:57.215710Z,9.795114278793335,0.021876096725463867,MOVE,-58.1,-55.22,-0.465,-0.288,0.66,0.6,"[MOVE] j1=-58.10 j2=-55.22 v=(-0.465,-0.288) (cx=0.66, cy=0.60)"
45,1776985737.4079616,2026-04-23T23:08:57.407962Z,9.987365961074829,0.02555394172668457,MOVE,-60.04,-56.93,-0.359,-0.355,0.62,0.62,"[MOVE] j1=-60.04 j2=-56.93 v=(-0.359,-0.355) (cx=0.62, cy=0.62)"
46,1776985737.59933,2026-04-23T23:08:57.599330Z,10.178734302520752,0.028937816619873047,MOVE,-61.43,-58.78,-0.23,-0.373,0.58,0.62,"[MOVE] j1=-61.43 j2=-58.78 v=(-0.230,-0.373) (cx=0.58, cy=0.62)"
47,1776985737.80689,2026-04-23T23:08:57.806890Z,10.3862943649292,0.011237859725952148,MOVE,-62.59,-60.5,-0.164,-0.201,0.55,0.57,"[MOVE] j1=-62.59 j2=-60.50 v=(-0.164,-0.201) (cx=0.55, cy=0.57)"
48,1776985738.0787024,2026-04-23T23:08:58.078702Z,10.658106803894043,0.024233579635620117,MOVE,-62.9,-60.87,0.0,0.0,0.53,0.52,"[MOVE] j1=-62.90 j2=-60.87 v=(+0.000,+0.000) (cx=0.53, cy=0.52)"
49,1776985738.3007188,2026-04-23T23:08:58.300719Z,10.880123138427734,0.025826215744018555,MOVE,-62.9,-60.87,0.0,0.0,0.51,0.46,"[MOVE] j1=-62.90 j2=-60.87 v=(+0.000,+0.000) (cx=0.51, cy=0.46)"
50,1776985738.507021,2026-04-23T23:08:58.507021Z,11.086425304412842,0.010851383209228516,MOVE,-62.9,-60.87,0.0,0.0,0.51,0.48,"[MOVE] j1=-62.90 j2=-60.87 v=(+0.000,+0.000) (cx=0.51, cy=0.48)"
51,1776985738.7114193,2026-04-23T23:08:58.711419Z,11.290823698043823,0.031141996383666992,MOVE,-62.9,-61.86,0.0,-0.404,0.53,0.63,"[MOVE] j1=-62.90 j2=-61.86 v=(+0.000,-0.404) (cx=0.53, cy=0.63)"
52,1776985738.9013476,2026-04-23T23:08:58.901348Z,11.480751991271973,0.036394596099853516,MOVE,-62.9,-64.99,0.0,-0.77,0.54,0.76,"[MOVE] j1=-62.90 j2=-64.99 v=(+0.000,-0.770) (cx=0.54, cy=0.76)"
53,1776985739.1076243,2026-04-23T23:08:59.107624Z,11.687028646469116,0.017010211944580078,MOVE,-62.9,-70.78,0.0,-1.03,0.54,0.84,"[MOVE] j1=-62.90 j2=-70.78 v=(+0.000,-1.030) (cx=0.54, cy=0.84)"
54,1776985739.3046074,2026-04-23T23:08:59.304607Z,11.88401174545288,0.029286861419677734,MOVE,-62.9,-75.55,0.0,-0.855,0.54,0.79,"[MOVE] j1=-62.90 j2=-75.55 v=(+0.000,-0.855) (cx=0.54, cy=0.79)"
55,1776985739.5060072,2026-04-23T23:08:59.506007Z,12.085411548614502,0.009399652481079102,MOVE,-63.43,-79.49,-0.188,-0.486,0.56,0.66,"[MOVE] j1=-63.43 j2=-79.49 v=(-0.188,-0.486) (cx=0.56, cy=0.66)"
56,1776985739.7209976,2026-04-23T23:08:59.720998Z,12.30040192604065,0.035944461822509766,MOVE,-64.56,-80.37,-0.233,0.0,0.58,0.53,"[MOVE] j1=-64.56 j2=-80.37 v=(-0.233,+0.000) (cx=0.58, cy=0.53)"
57,1776985740.0157387,2026-04-23T23:09:00.015739Z,12.59514307975769,0.031239986419677734,MOVE,-64.74,-82.49,0.0,0.468,0.52,0.34,"[MOVE] j1=-64.74 j2=-82.49 v=(+0.000,+0.468) (cx=0.52, cy=0.34)"
58,1776985740.20184,2026-04-23T23:09:00.201840Z,12.781244277954102,0.029634952545166016,MOVE,-64.74,-79.95,0.0,0.511,0.48,0.33,"[MOVE] j1=-64.74 j2=-79.95 v=(+0.000,+0.511) (cx=0.48, cy=0.33)"
59,1776985740.4501586,2026-04-23T23:09:00.450159Z,13.029562950134277,0.012031793594360352,MOVE,-63.54,-75.82,0.33,0.598,0.39,0.3,"[MOVE] j1=-63.54 j2=-75.82 v=(+0.330,+0.598) (cx=0.39, cy=0.30)"
60,1776985740.777446,2026-04-23T23:09:00.777446Z,13.356850385665894,0.03600454330444336,MOVE,-59.62,-72.39,0.633,0.2,0.29,0.43,"[MOVE] j1=-59.62 j2=-72.39 v=(+0.633,+0.200) (cx=0.29, cy=0.43)"
61,1776985741.012726,2026-04-23T23:09:01.012726Z,13.592130422592163,0.03454995155334473,MOVE,-55.84,-69.79,0.877,0.0,0.21,0.53,"[MOVE] j1=-55.84 j2=-69.79 v=(+0.877,+0.000) (cx=0.21, cy=0.53)"
62,1776985741.2218099,2026-04-23T23:09:01.221810Z,13.801214218139648,0.011990547180175781,MOVE,-50.83,-70.25,0.832,-0.27,0.22,0.59,"[MOVE] j1=-50.83 j2=-70.25 v=(+0.832,-0.270) (cx=0.22, cy=0.59)"
63,1776985741.5495977,2026-04-23T23:09:01.549598Z,14.129002094268799,0.005737781524658203,MOVE,-43.82,-73.54,0.726,-0.382,0.26,0.63,"[MOVE] j1=-43.82 j2=-73.54 v=(+0.726,-0.382) (cx=0.26, cy=0.63)"
64,1776985741.815914,2026-04-23T23:09:01.815914Z,14.395318269729614,0.006010293960571289,MOVE,-38.97,-75.86,0.667,-0.25,0.28,0.58,"[MOVE] j1=-38.97 j2=-75.86 v=(+0.667,-0.250) (cx=0.28, cy=0.58)"
65,1776985742.009428,2026-04-23T23:09:02.009428Z,14.588832378387451,0.014909744262695312,MOVE,-35.99,-76.45,0.565,0.0,0.31,0.53,"[MOVE] j1=-35.99 j2=-76.45 v=(+0.565,+0.000) (cx=0.31, cy=0.53)"
66,1776985742.2227688,2026-04-23T23:09:02.222769Z,14.802173137664795,0.002816438674926758,MOVE,-32.83,-76.09,0.498,0.183,0.33,0.44,"[MOVE] j1=-32.83 j2=-76.09 v=(+0.498,+0.183) (cx=0.33, cy=0.44)"
67,1776985742.5396152,2026-04-23T23:09:02.539615Z,15.119019508361816,0.017132043838500977,MOVE,-29.3,-74.25,0.401,0.224,0.37,0.43,"[MOVE] j1=-29.30 j2=-74.25 v=(+0.401,+0.224) (cx=0.37, cy=0.43)"
68,1776985742.841384,2026-04-23T23:09:02.841384Z,15.420788288116455,0.012369394302368164,MOVE,-26.12,-72.42,0.387,0.224,0.37,0.43,"[MOVE] j1=-26.12 j2=-72.42 v=(+0.387,+0.224) (cx=0.37, cy=0.43)"
69,1776985743.1061716,2026-04-23T23:09:03.106172Z,15.68557596206665,0.01751565933227539,MOVE,-23.76,-71.2,0.283,0.15,0.41,0.45,"[MOVE] j1=-23.76 j2=-71.20 v=(+0.283,+0.150) (cx=0.41, cy=0.45)"
70,1776985743.3112617,2026-04-23T23:09:03.311262Z,15.890666007995605,0.0015683174133300781,MOVE,-22.63,-70.23,0.151,0.263,0.45,0.41,"[MOVE] j1=-22.63 j2=-70.23 v=(+0.151,+0.263) (cx=0.45, cy=0.41)"
71,1776985743.50857,2026-04-23T23:09:03.508570Z,16.087974309921265,0.010407209396362305,MOVE,-22.63,-68.01,0.0,0.481,0.48,0.34,"[MOVE] j1=-22.63 j2=-68.01 v=(+0.000,+0.481) (cx=0.48, cy=0.34)"
72,1776985743.7162137,2026-04-23T23:09:03.716214Z,16.295618057250977,0.021780967712402344,MOVE,-22.63,-65.01,0.0,0.667,0.5,0.28,"[MOVE] j1=-22.63 j2=-65.01 v=(+0.000,+0.667) (cx=0.50, cy=0.28)"
73,1776985743.9751751,2026-04-23T23:09:03.975175Z,16.554579496383667,0.02305459976196289,MOVE,-22.63,-59.49,0.0,0.876,0.46,0.21,"[MOVE] j1=-22.63 j2=-59.49 v=(+0.000,+0.876) (cx=0.46, cy=0.21)"
74,1776985744.2127097,2026-04-23T23:09:04.212710Z,16.79211401939392,0.030419588088989258,MOVE,-22.63,-54.82,0.0,0.689,0.45,0.27,"[MOVE] j1=-22.63 j2=-54.82 v=(+0.000,+0.689) (cx=0.45, cy=0.27)"
75,1776985744.4081223,2026-04-23T23:09:04.408122Z,16.987526655197144,0.0003108978271484375,MOVE,-22.12,-51.47,0.0,0.494,0.46,0.34,"[MOVE] j1=-22.12 j2=-51.47 v=(+0.000,+0.494) (cx=0.46, cy=0.34)"
76,1776985744.614205,2026-04-23T23:09:04.614205Z,17.1936092376709,0.01493072509765625,MOVE,-22.12,-47.88,0.0,0.957,0.52,0.18,"[MOVE] j1=-22.12 j2=-47.88 v=(+0.000,+0.957) (cx=0.52, cy=0.18)"
77,1776985744.8078053,2026-04-23T23:09:04.807805Z,17.38720965385437,0.020466327667236328,MOVE,-22.79,-47.38,-0.28,-0.471,0.59,0.66,"[MOVE] j1=-22.79 j2=-47.38 v=(-0.280,-0.471) (cx=0.59, cy=0.66)"
78,1776985745.0417933,2026-04-23T23:09:05.041793Z,17.62119770050049,0.02376389503479004,MOVE,-24.92,-49.59,0.174,0.0,0.44,0.5,"[MOVE] j1=-24.92 j2=-49.59 v=(+0.174,+0.000) (cx=0.44, cy=0.50)"
79,1776985745.3109577,2026-04-23T23:09:05.310958Z,17.89036202430725,0.02744150161743164,MOVE,-26.32,-52.91,-0.299,-0.578,0.6,0.69,"[MOVE] j1=-26.32 j2=-52.91 v=(-0.299,-0.578) (cx=0.60, cy=0.69)"
80,1776985745.5325105,2026-04-23T23:09:05.532511Z,18.11191487312317,0.0162506103515625,MOVE,-30.35,-55.26,-0.883,-0.244,0.79,0.58,"[MOVE] j1=-30.35 j2=-55.26 v=(-0.883,-0.244) (cx=0.79, cy=0.58)"
81,1776985745.832071,2026-04-23T23:09:05.832071Z,18.41147541999817,0.015430927276611328,MOVE,-38.3,-55.43,-1.056,0.161,0.85,0.45,"[MOVE] j1=-38.30 j2=-55.43 v=(-1.056,+0.161) (cx=0.85, cy=0.45)"
82,1776985746.1030016,2026-04-23T23:09:06.103002Z,18.682405948638916,0.028439760208129883,MOVE,-45.53,-54.13,-0.99,0.156,0.83,0.45,"[MOVE] j1=-45.53 j2=-54.13 v=(-0.990,+0.156) (cx=0.83, cy=0.45)"
83,1776985746.3137748,2026-04-23T23:09:06.313775Z,18.893179178237915,0.0132293701171875,MOVE,-50.94,-54.13,-0.82,0.0,0.77,0.47,"[MOVE] j1=-50.94 j2=-54.13 v=(-0.820,+0.000) (cx=0.77, cy=0.47)"
84,1776985746.5375023,2026-04-23T23:09:06.537502Z,19.11690664291382,0.01738262176513672,MOVE,-54.73,-54.13,-0.491,0.0,0.66,0.52,"[MOVE] j1=-54.73 j2=-54.13 v=(-0.491,+0.000) (cx=0.66, cy=0.52)"
85,1776985746.8161829,2026-04-23T23:09:06.816183Z,19.39558720588684,0.0003592967987060547,MOVE,-57.37,-54.82,-0.229,-0.18,0.58,0.56,"[MOVE] j1=-57.37 j2=-54.82 v=(-0.229,-0.180) (cx=0.58, cy=0.56)"
86,1776985746.995736,2026-04-23T23:09:06.995736Z,19.575140237808228,0.02463221549987793,MOVE,-57.55,-55.62,0.0,-0.204,0.54,0.57,"[MOVE] j1=-57.55 j2=-55.62 v=(+0.000,-0.204) (cx=0.54, cy=0.57)"
87,1776985747.2014077,2026-04-23T23:09:07.201408Z,19.78081202507019,0.009437322616577148,MOVE,-57.55,-56.89,0.0,-0.215,0.53,0.57,"[MOVE] j1=-57.55 j2=-56.89 v=(+0.000,-0.215) (cx=0.53, cy=0.57)"
88,1776985747.405252,2026-04-23T23:09:07.405252Z,19.98465633392334,0.028627634048461914,MOVE,-57.55,-58.14,0.0,-0.275,0.53,0.59,"[MOVE] j1=-57.55 j2=-58.14 v=(+0.000,-0.275) (cx=0.53, cy=0.59)"
89,1776985747.6062117,2026-04-23T23:09:07.606212Z,20.18561601638794,0.007930517196655273,MOVE,-57.55,-60.14,0.0,-0.403,0.55,0.63,"[MOVE] j1=-57.55 j2=-60.14 v=(+0.000,-0.403) (cx=0.55, cy=0.63)"
90,1776985747.799026,2026-04-23T23:09:07.799026Z,20.378430366516113,0.013295650482177734,MOVE,-58.45,-62.46,-0.198,-0.476,0.57,0.66,"[MOVE] j1=-58.45 j2=-62.46 v=(-0.198,-0.476) (cx=0.57, cy=0.66)"
91,1776985747.999203,2026-04-23T23:09:07.999203Z,20.578607320785522,0.025066852569580078,MOVE,-59.53,-64.88,-0.219,-0.485,0.57,0.66,"[MOVE] j1=-59.53 j2=-64.88 v=(-0.219,-0.485) (cx=0.57, cy=0.66)"
92,1776985748.198642,2026-04-23T23:09:08.198642Z,20.778046369552612,0.03090953826904297,MOVE,-60.6,-67.18,-0.203,-0.447,0.57,0.65,"[MOVE] j1=-60.60 j2=-67.18 v=(-0.203,-0.447) (cx=0.57, cy=0.65)"
93,1776985748.403333,2026-04-23T23:09:08.403333Z,20.98273730278015,0.011068344116210938,MOVE,-61.63,-69.71,-0.158,-0.401,0.55,0.63,"[MOVE] j1=-61.63 j2=-69.71 v=(-0.158,-0.401) (cx=0.55, cy=0.63)"
94,1776985748.5934186,2026-04-23T23:09:08.593419Z,21.172822952270508,0.017481088638305664,MOVE,-62.39,-71.59,-0.15,-0.353,0.55,0.62,"[MOVE] j1=-62.39 j2=-71.59 v=(-0.150,-0.353) (cx=0.55, cy=0.62)"
95,1776985748.803926,2026-04-23T23:09:08.803926Z,21.38333034515381,0.005643129348754883,MOVE,-63.0,-73.27,0.0,-0.214,0.54,0.57,"[MOVE] j1=-63.00 j2=-73.27 v=(+0.000,-0.214) (cx=0.54, cy=0.57)"
96,1776985749.0046897,2026-04-23T23:09:09.004690Z,21.584094047546387,0.02223944664001465,MOVE,-63.0,-73.93,0.0,0.0,0.52,0.54,"[MOVE] j1=-63.00 j2=-73.93 v=(+0.000,+0.000) (cx=0.52, cy=0.54)"
97,1776985749.2089493,2026-04-23T23:09:09.208949Z,21.78835368156433,0.03427863121032715,MOVE,-63.0,-73.93,0.0,0.0,0.5,0.5,"[MOVE] j1=-63.00 j2=-73.93 v=(+0.000,+0.000) (cx=0.50, cy=0.50)"
98,1776985749.4069834,2026-04-23T23:09:09.406983Z,21.986387729644775,0.035811424255371094,MOVE,-63.0,-74.61,0.0,-0.332,0.47,0.61,"[MOVE] j1=-63.00 j2=-74.61 v=(+0.000,-0.332) (cx=0.47, cy=0.61)"
99,1776985749.6940565,2026-04-23T23:09:09.694057Z,22.273460865020752,0.019340038299560547,MOVE,-63.0,-76.51,0.0,-0.186,0.45,0.56,"[MOVE] j1=-63.00 j2=-76.51 v=(+0.000,-0.186) (cx=0.45, cy=0.56)"
100,1776985749.9107692,2026-04-23T23:09:09.910769Z,22.49017357826233,0.03909158706665039,MOVE,-62.85,-77.14,0.151,0.0,0.45,0.54,"[MOVE] j1=-62.85 j2=-77.14 v=(+0.151,+0.000) (cx=0.45, cy=0.54)"
101,1776985750.1078606,2026-04-23T23:09:10.107861Z,22.687264919281006,0.0117950439453125,MOVE,-58.18,-75.78,1.036,0.281,0.15,0.41,"[MOVE] j1=-58.18 j2=-75.78 v=(+1.036,+0.281) (cx=0.15, cy=0.41)"
102,1776985750.3147566,2026-04-23T23:09:10.314757Z,22.894160985946655,0.034206390380859375,MOVE,-52.92,-74.51,1.075,0.319,0.14,0.39,"[MOVE] j1=-52.92 j2=-74.51 v=(+1.075,+0.319) (cx=0.14, cy=0.39)"
103,1776985750.5204551,2026-04-23T23:09:10.520455Z,23.099859476089478,0.018550634384155273,MOVE,-46.1,-72.51,1.191,0.347,0.1,0.38,"[MOVE] j1=-46.10 j2=-72.51 v=(+1.191,+0.347) (cx=0.10, cy=0.38)"
104,1776985750.721909,2026-04-23T23:09:10.721909Z,23.301313400268555,0.027845382690429688,COAST,-40.05,-70.76,1.146,0.332,,,"[COAST] j1=-40.05 j2=-70.76 v=(+1.146,+0.332) (cx=nan, cy=nan)"
105,1776985751.0161996,2026-04-23T23:09:11.016200Z,23.595603942871094,0.02335524559020996,MOVE,-32.67,-70.42,0.804,0.0,0.23,0.52,"[MOVE] j1=-32.67 j2=-70.42 v=(+0.804,+0.000) (cx=0.23, cy=0.52)"
106,1776985751.2076356,2026-04-23T23:09:11.207636Z,23.78703999519348,0.029713869094848633,MOVE,-29.09,-70.76,0.721,0.0,0.26,0.54,"[MOVE] j1=-29.09 j2=-70.76 v=(+0.721,+0.000) (cx=0.26, cy=0.54)"
107,1776985751.4151857,2026-04-23T23:09:11.415186Z,23.994590044021606,0.01687026023864746,MOVE,-25.34,-71.64,0.563,-0.193,0.31,0.56,"[MOVE] j1=-25.34 j2=-71.64 v=(+0.563,-0.193) (cx=0.31, cy=0.56)"
108,1776985751.610392,2026-04-23T23:09:11.610392Z,24.189796447753906,0.016974925994873047,MOVE,-23.03,-72.77,0.398,-0.235,0.37,0.58,"[MOVE] j1=-23.03 j2=-72.77 v=(+0.398,-0.235) (cx=0.37, cy=0.58)"
109,1776985751.8018894,2026-04-23T23:09:11.801889Z,24.381293773651123,0.018455982208251953,MOVE,-21.4,-73.98,0.258,-0.265,0.41,0.59,"[MOVE] j1=-21.40 j2=-73.98 v=(+0.258,-0.265) (cx=0.41, cy=0.59)"
110,1776985751.9995413,2026-04-23T23:09:11.999541Z,24.578945636749268,0.023838520050048828,MOVE,-20.31,-75.27,0.172,-0.251,0.44,0.58,"[MOVE] j1=-20.31 j2=-75.27 v=(+0.172,-0.251) (cx=0.44, cy=0.58)"
111,1776985752.1996365,2026-04-23T23:09:12.199636Z,24.779040813446045,0.0026214122772216797,MOVE,-20.15,-75.76,0.156,0.0,0.45,0.51,"[MOVE] j1=-20.15 j2=-75.76 v=(+0.156,+0.000) (cx=0.45, cy=0.51)"
112,1776985752.4005942,2026-04-23T23:09:12.400594Z,24.97999858856201,0.01913166046142578,MOVE,-19.35,-75.76,0.169,0.0,0.44,0.46,"[MOVE] j1=-19.35 j2=-75.76 v=(+0.169,+0.000) (cx=0.44, cy=0.46)"
113,1776985752.6136637,2026-04-23T23:09:12.613664Z,25.193068027496338,0.002178192138671875,MOVE,-18.05,-74.66,0.256,0.211,0.41,0.43,"[MOVE] j1=-18.05 j2=-74.66 v=(+0.256,+0.211) (cx=0.41, cy=0.43)"
114,1776985752.857292,2026-04-23T23:09:12.857292Z,25.43669629096985,0.021170616149902344,MOVE,-16.44,-73.39,0.271,0.208,0.41,0.43,"[MOVE] j1=-16.44 j2=-73.39 v=(+0.271,+0.208) (cx=0.41, cy=0.43)"
115,1776985753.1029747,2026-04-23T23:09:13.102975Z,25.682379007339478,0.0028297901153564453,MOVE,-14.51,-72.11,0.264,0.199,0.41,0.43,"[MOVE] j1=-14.51 j2=-72.11 v=(+0.264,+0.199) (cx=0.41, cy=0.43)"
116,1776985753.2995777,2026-04-23T23:09:13.299578Z,25.878982067108154,0.01297903060913086,MOVE,-13.37,-70.82,0.206,0.3,0.43,0.4,"[MOVE] j1=-13.37 j2=-70.82 v=(+0.206,+0.300) (cx=0.43, cy=0.40)"
117,1776985753.4968987,2026-04-23T23:09:13.496899Z,26.076303005218506,0.021248579025268555,MOVE,-13.2,-68.33,0.0,0.596,0.45,0.3,"[MOVE] j1=-13.20 j2=-68.33 v=(+0.000,+0.596) (cx=0.45, cy=0.30)"
118,1776985753.693255,2026-04-23T23:09:13.693255Z,26.272659301757812,0.03398251533508301,MOVE,-13.2,-64.61,0.0,0.828,0.46,0.22,"[MOVE] j1=-13.20 j2=-64.61 v=(+0.000,+0.828) (cx=0.46, cy=0.22)"
119,1776985753.899214,2026-04-23T23:09:13.899214Z,26.478618383407593,0.010334968566894531,MOVE,-13.2,-58.9,0.0,0.97,0.49,0.18,"[MOVE] j1=-13.20 j2=-58.90 v=(+0.000,+0.970) (cx=0.49, cy=0.18)"
120,1776985754.1070423,2026-04-23T23:09:14.107042Z,26.68644666671753,0.03400588035583496,MOVE,-13.2,-54.3,0.0,0.862,0.5,0.21,"[MOVE] j1=-13.20 j2=-54.30 v=(+0.000,+0.862) (cx=0.50, cy=0.21)"
121,1776985754.3027418,2026-04-23T23:09:14.302742Z,26.88214612007141,0.008487462997436523,MOVE,-13.2,-49.92,0.0,0.629,0.52,0.29,"[MOVE] j1=-13.20 j2=-49.92 v=(+0.000,+0.629) (cx=0.52, cy=0.29)"
122,1776985754.5036874,2026-04-23T23:09:14.503687Z,27.083091735839844,0.02471017837524414,MOVE,-13.2,-47.02,0.0,0.516,0.52,0.33,"[MOVE] j1=-13.20 j2=-47.02 v=(+0.000,+0.516) (cx=0.52, cy=0.33)"
123,1776985754.7363207,2026-04-23T23:09:14.736321Z,27.315725088119507,0.019367218017578125,MOVE,-13.2,-42.13,0.0,0.887,0.52,0.2,"[MOVE] j1=-13.20 j2=-42.13 v=(+0.000,+0.887) (cx=0.52, cy=0.20)"
124,1776985755.0016804,2026-04-23T23:09:15.001680Z,27.581084728240967,0.015260457992553711,MOVE,-13.2,-46.51,0.0,-0.953,0.52,0.82,"[MOVE] j1=-13.20 j2=-46.51 v=(+0.000,-0.953) (cx=0.52, cy=0.82)"
125,1776985755.2004197,2026-04-23T23:09:15.200420Z,27.779824018478394,0.02826380729675293,MOVE,-13.2,-51.66,0.0,-1.125,0.53,0.88,"[MOVE] j1=-13.20 j2=-51.66 v=(+0.000,-1.125) (cx=0.53, cy=0.88)"
126,1776985755.466427,2026-04-23T23:09:15.466427Z,28.045831441879272,0.03786945343017578,MOVE,-13.2,-61.03,0.0,-1.539,0.54,1.01,"[MOVE] j1=-13.20 j2=-61.03 v=(+0.000,-1.539) (cx=0.54, cy=1.01)"
127,1776985755.716549,2026-04-23T23:09:15.716549Z,28.295953273773193,0.021002531051635742,COAST,-13.2,-69.54,0.0,-0.933,,,"[COAST] j1=-13.20 j2=-69.54 v=(+0.000,-0.933) (cx=nan, cy=nan)"
128,1776985755.9021266,2026-04-23T23:09:15.902127Z,28.481530904769897,0.018500566482543945,COAST,-13.2,-73.2,0.0,-0.615,,,"[COAST] j1=-13.20 j2=-73.20 v=(+0.000,-0.615) (cx=nan, cy=nan)"
129,1776985756.1006687,2026-04-23T23:09:16.100669Z,28.680073022842407,0.032987117767333984,COAST,-13.2,-75.61,0.0,-0.405,,,"[COAST] j1=-13.20 j2=-75.61 v=(+0.000,-0.405) (cx=nan, cy=nan)"
130,1776985756.3052733,2026-04-23T23:09:16.305273Z,28.88467764854431,0.016445398330688477,COAST,-13.2,-77.45,0.0,-0.246,,,"[COAST] j1=-13.20 j2=-77.45 v=(+0.000,-0.246) (cx=nan, cy=nan)"
131,1776985756.509679,2026-04-23T23:09:16.509679Z,29.089083433151245,0.03174781799316406,COAST,-13.2,-78.41,0.0,-0.162,,,"[COAST] j1=-13.20 j2=-78.41 v=(+0.000,-0.162) (cx=nan, cy=nan)"
132,1776985756.7025301,2026-04-23T23:09:16.702530Z,29.2819344997406,0.0025205612182617188,COAST,-13.2,-79.14,0.0,-0.098,,,"[COAST] j1=-13.20 j2=-79.14 v=(+0.000,-0.098) (cx=nan, cy=nan)"
133,1776985756.9060924,2026-04-23T23:09:16.906092Z,29.485496759414673,0.01921677589416504,COAST,-13.2,-79.53,0.0,-0.065,,,"[COAST] j1=-13.20 j2=-79.53 v=(+0.000,-0.065) (cx=nan, cy=nan)"
134,1776985757.1072857,2026-04-23T23:09:17.107286Z,29.686690092086792,0.035956621170043945,COAST,-13.2,-79.78,0.0,-0.043,,,"[COAST] j1=-13.20 j2=-79.78 v=(+0.000,-0.043) (cx=nan, cy=nan)"
135,1776985757.2977195,2026-04-23T23:09:17.297719Z,29.877123832702637,0.03842568397521973,MOVE,-16.15,-76.23,-0.705,0.876,0.73,0.21,"[MOVE] j1=-16.15 j2=-76.23 v=(-0.705,+0.876) (cx=0.73, cy=0.21)"
136,1776985757.5031211,2026-04-23T23:09:17.503121Z,30.082525491714478,0.009943246841430664,MOVE,-19.28,-71.54,-0.413,0.705,0.64,0.27,"[MOVE] j1=-19.28 j2=-71.54 v=(-0.413,+0.705) (cx=0.64, cy=0.27)"
137,1776985757.7037952,2026-04-23T23:09:17.703795Z,30.283199548721313,0.022385120391845703,MOVE,-20.69,-69.76,-0.205,0.0,0.57,0.46,"[MOVE] j1=-20.69 j2=-69.76 v=(-0.205,+0.000) (cx=0.57, cy=0.46)"
138,1776985757.906148,2026-04-23T23:09:17.906148Z,30.485552310943604,0.032349586486816406,MOVE,-21.83,-69.02,-0.197,0.0,0.57,0.47,"[MOVE] j1=-21.83 j2=-69.02 v=(-0.197,+0.000) (cx=0.57, cy=0.47)"
139,1776985758.1097374,2026-04-23T23:09:18.109737Z,30.689141750335693,0.010158538818359375,MOVE,-22.2,-69.73,0.0,-0.291,0.54,0.6,"[MOVE] j1=-22.20 j2=-69.73 v=(+0.000,-0.291) (cx=0.54, cy=0.60)"
140,1776985758.2964637,2026-04-23T23:09:18.296464Z,30.87586808204651,0.012325525283813477,MOVE,-23.52,-71.54,-0.316,-0.303,0.61,0.6,"[MOVE] j1=-23.52 j2=-71.54 v=(-0.316,-0.303) (cx=0.61, cy=0.60)"
141,1776985758.5194345,2026-04-23T23:09:18.519434Z,31.098838806152344,0.006395816802978516,MOVE,-25.88,-73.23,-0.457,-0.36,0.65,0.62,"[MOVE] j1=-25.88 j2=-73.23 v=(-0.457,-0.360) (cx=0.65, cy=0.62)"
142,1776985758.7242017,2026-04-23T23:09:18.724202Z,31.303606033325195,0.021704912185668945,MOVE,-28.92,-74.33,-0.81,0.0,0.77,0.55,"[MOVE] j1=-28.92 j2=-74.33 v=(-0.810,+0.000) (cx=0.77, cy=0.55)"
143,1776985759.0104134,2026-04-23T23:09:19.010413Z,31.589817762374878,0.010167121887207031,MOVE,-34.6,-72.91,-0.735,0.401,0.75,0.37,"[MOVE] j1=-34.60 j2=-72.91 v=(-0.735,+0.401) (cx=0.75, cy=0.37)"
144,1776985759.2129898,2026-04-23T23:09:19.212990Z,31.792394161224365,0.020106077194213867,MOVE,-38.23,-70.74,-0.698,0.459,0.73,0.35,"[MOVE] j1=-38.23 j2=-70.74 v=(-0.698,+0.459) (cx=0.73, cy=0.35)"
145,1776985759.4261894,2026-04-23T23:09:19.426189Z,32.00559377670288,0.003626585006713867,MOVE,-42.52,-68.05,-0.912,0.444,0.8,0.35,"[MOVE] j1=-42.52 j2=-68.05 v=(-0.912,+0.444) (cx=0.80, cy=0.35)"
146,1776985759.7038736,2026-04-23T23:09:19.703874Z,32.28327798843384,0.023606538772583008,MOVE,-48.53,-65.07,-0.951,0.486,0.82,0.34,"[MOVE] j1=-48.53 j2=-65.07 v=(-0.951,+0.486) (cx=0.82, cy=0.34)"
147,1776985759.9968204,2026-04-23T23:09:19.996820Z,32.57622480392456,0.007969141006469727,MOVE,-54.11,-63.9,-0.503,-0.193,0.67,0.56,"[MOVE] j1=-54.11 j2=-63.90 v=(-0.503,-0.193) (cx=0.67, cy=0.56)"
148,1776985760.2078485,2026-04-23T23:09:20.207849Z,32.78725290298462,0.03560185432434082,MOVE,-56.25,-65.65,-0.399,-0.444,0.63,0.65,"[MOVE] j1=-56.25 j2=-65.65 v=(-0.399,-0.444) (cx=0.63, cy=0.65)"
149,1776985760.4473994,2026-04-23T23:09:20.447399Z,33.026803731918335,0.016585111618041992,MOVE,-58.37,-69.11,-0.284,-0.481,0.59,0.66,"[MOVE] j1=-58.37 j2=-69.11 v=(-0.284,-0.481) (cx=0.59, cy=0.66)"
150,1776985760.7205374,2026-04-23T23:09:20.720537Z,33.29994177818298,0.02020430564880371,MOVE,-60.18,-71.75,-0.235,-0.249,0.58,0.58,"[MOVE] j1=-60.18 j2=-71.75 v=(-0.235,-0.249) (cx=0.58, cy=0.58)"
151,1776985761.0093946,2026-04-23T23:09:21.009395Z,33.58879899978638,0.005191326141357422,MOVE,-60.95,-73.08,0.0,-0.175,0.51,0.56,"[MOVE] j1=-60.95 j2=-73.08 v=(+0.000,-0.175) (cx=0.51, cy=0.56)"
152,1776985761.2146206,2026-04-23T23:09:21.214621Z,33.79402494430542,0.022243738174438477,MOVE,-60.95,-74.32,0.0,-0.302,0.47,0.6,"[MOVE] j1=-60.95 j2=-74.32 v=(+0.000,-0.302) (cx=0.47, cy=0.60)"
153,1776985761.4235506,2026-04-23T23:09:21.423551Z,34.002954959869385,0.010566949844360352,MOVE,-60.95,-76.75,0.0,-0.441,0.45,0.65,"[MOVE] j1=-60.95 j2=-76.75 v=(+0.000,-0.441) (cx=0.45, cy=0.65)"
154,1776985761.725299,2026-04-23T23:09:21.725299Z,34.30470323562622,0.017438650131225586,MOVE,-60.31,-79.85,0.163,-0.313,0.45,0.6,"[MOVE] j1=-60.31 j2=-79.85 v=(+0.163,-0.313) (cx=0.45, cy=0.60)"
155,1776985762.027259,2026-04-23T23:09:22.027259Z,34.60666346549988,0.019744396209716797,MOVE,-58.36,-80.47,0.304,0.0,0.4,0.5,"[MOVE] j1=-58.36 j2=-80.47 v=(+0.304,+0.000) (cx=0.40, cy=0.50)"
156,1776985762.3074653,2026-04-23T23:09:22.307465Z,34.88686966896057,0.0003600120544433594,MOVE,-55.26,-79.43,0.527,0.318,0.32,0.39,"[MOVE] j1=-55.26 j2=-79.43 v=(+0.527,+0.318) (cx=0.32, cy=0.39)"
157,1776985762.553409,2026-04-23T23:09:22.553409Z,35.132813453674316,0.0225374698638916,MOVE,-51.42,-77.35,0.69,0.364,0.27,0.38,"[MOVE] j1=-51.42 j2=-77.35 v=(+0.690,+0.364) (cx=0.27, cy=0.38)"
158,1776985762.81757,2026-04-23T23:09:22.817570Z,35.396974325180054,0.01794123649597168,MOVE,-45.91,-74.89,0.821,0.321,0.23,0.39,"[MOVE] j1=-45.91 j2=-74.89 v=(+0.821,+0.321) (cx=0.23, cy=0.39)"
159,1776985763.0094237,2026-04-23T23:09:23.009424Z,35.58882808685303,0.023952722549438477,MOVE,-41.8,-73.62,0.833,0.211,0.22,0.43,"[MOVE] j1=-41.80 j2=-73.62 v=(+0.833,+0.211) (cx=0.22, cy=0.43)"
160,1776985763.2092516,2026-04-23T23:09:23.209252Z,35.78865599632263,0.001142263412475586,MOVE,-36.9,-73.1,0.782,0.0,0.24,0.47,"[MOVE] j1=-36.90 j2=-73.10 v=(+0.782,+0.000) (cx=0.24, cy=0.47)"
161,1776985763.4092975,2026-04-23T23:09:23.409297Z,35.988701820373535,0.0172274112701416,MOVE,-33.2,-73.1,0.716,0.0,0.26,0.49,"[MOVE] j1=-33.20 j2=-73.10 v=(+0.716,+0.000) (cx=0.26, cy=0.49)"
162,1776985763.59835,2026-04-23T23:09:23.598350Z,36.177754402160645,0.01813364028930664,MOVE,-29.93,-73.1,0.608,0.0,0.3,0.47,"[MOVE] j1=-29.93 j2=-73.10 v=(+0.608,+0.000) (cx=0.30, cy=0.47)"
163,1776985763.8160374,2026-04-23T23:09:23.816037Z,36.39544177055359,0.00642085075378418,MOVE,-26.65,-72.27,0.523,0.241,0.33,0.42,"[MOVE] j1=-26.65 j2=-72.27 v=(+0.523,+0.241) (cx=0.33, cy=0.42)"
164,1776985763.9984374,2026-04-23T23:09:23.998437Z,36.57784175872803,0.0008382797241210938,MOVE,-24.21,-70.73,0.481,0.354,0.34,0.38,"[MOVE] j1=-24.21 j2=-70.73 v=(+0.481,+0.354) (cx=0.34, cy=0.38)"
165,1776985764.199856,2026-04-23T23:09:24.199856Z,36.7792603969574,0.018460750579833984,MOVE,-21.85,-68.77,0.453,0.401,0.35,0.37,"[MOVE] j1=-21.85 j2=-68.77 v=(+0.453,+0.401) (cx=0.35, cy=0.37)"
166,1776985764.4004931,2026-04-23T23:09:24.400493Z,36.97989749908447,0.030771970748901367,MOVE,-19.71,-67.08,0.392,0.271,0.37,0.41,"[MOVE] j1=-19.71 j2=-67.08 v=(+0.392,+0.271) (cx=0.37, cy=0.41)"
167,1776985764.6051779,2026-04-23T23:09:24.605178Z,37.184582233428955,0.014100790023803711,MOVE,-17.99,-66.33,0.221,0.0,0.43,0.47,"[MOVE] j1=-17.99 j2=-66.33 v=(+0.221,+0.000) (cx=0.43, cy=0.47)"
168,1776985764.8252342,2026-04-23T23:09:24.825234Z,37.40463852882385,0.004694223403930664,MOVE,-17.82,-66.89,0.0,-0.196,0.48,0.57,"[MOVE] j1=-17.82 j2=-66.89 v=(+0.000,-0.196) (cx=0.48, cy=0.57)"
169,1776985765.1008017,2026-04-23T23:09:25.100802Z,37.680206060409546,0.017877817153930664,MOVE,-17.82,-67.48,0.0,0.0,0.46,0.53,"[MOVE] j1=-17.82 j2=-67.48 v=(+0.000,+0.000) (cx=0.46, cy=0.53)"
170,1776985765.3028138,2026-04-23T23:09:25.302814Z,37.8822181224823,0.035416364669799805,MOVE,-16.99,-67.48,0.219,0.0,0.43,0.51,"[MOVE] j1=-16.99 j2=-67.48 v=(+0.219,+0.000) (cx=0.43, cy=0.51)"
171,1776985765.5315003,2026-04-23T23:09:25.531500Z,38.110904693603516,0.03528141975402832,MOVE,-15.21,-67.48,0.349,0.0,0.38,0.5,"[MOVE] j1=-15.21 j2=-67.48 v=(+0.349,+0.000) (cx=0.38, cy=0.50)"
172,1776985765.8048398,2026-04-23T23:09:25.804840Z,38.384244203567505,0.005411863327026367,MOVE,-12.34,-67.48,0.344,0.0,0.39,0.48,"[MOVE] j1=-12.34 j2=-67.48 v=(+0.344,+0.000) (cx=0.39, cy=0.48)"
173,1776985766.0099247,2026-04-23T23:09:26.009925Z,38.58932900428772,0.026236772537231445,MOVE,-10.77,-67.48,0.293,0.0,0.4,0.48,"[MOVE] j1=-10.77 j2=-67.48 v=(+0.293,+0.000) (cx=0.40, cy=0.48)"
174,1776985766.2002308,2026-04-23T23:09:26.200231Z,38.779635190963745,0.0237882137298584,MOVE,-9.65,-67.48,0.199,0.0,0.43,0.48,"[MOVE] j1=-9.65 j2=-67.48 v=(+0.199,+0.000) (cx=0.43, cy=0.48)"
175,1776985766.410037,2026-04-23T23:09:26.410037Z,38.98944139480591,0.007953166961669922,MOVE,-8.93,-67.48,0.0,0.0,0.45,0.48,"[MOVE] j1=-8.93 j2=-67.48 v=(+0.000,+0.000) (cx=0.45, cy=0.48)"
176,1776985766.6041658,2026-04-23T23:09:26.604166Z,39.18357014656067,0.018027067184448242,MOVE,-8.93,-67.48,0.0,0.0,0.47,0.48,"[MOVE] j1=-8.93 j2=-67.48 v=(+0.000,+0.000) (cx=0.47, cy=0.48)"
177,1776985766.8169065,2026-04-23T23:09:26.816906Z,39.396310806274414,0.0057947635650634766,MOVE,-8.93,-67.48,0.0,0.0,0.5,0.47,"[MOVE] j1=-8.93 j2=-67.48 v=(+0.000,+0.000) (cx=0.50, cy=0.47)"
178,1776985767.0033214,2026-04-23T23:09:27.003321Z,39.58272576332092,0.0039033889770507812,MOVE,-8.93,-67.13,0.0,0.193,0.54,0.44,"[MOVE] j1=-8.93 j2=-67.13 v=(+0.000,+0.193) (cx=0.54, cy=0.44)"
179,1776985767.2170458,2026-04-23T23:09:27.217046Z,39.79645013809204,0.029206514358520508,MOVE,-9.73,-66.02,-0.229,0.243,0.58,0.42,"[MOVE] j1=-9.73 j2=-66.02 v=(-0.229,+0.243) (cx=0.58, cy=0.42)"
180,1776985767.4048586,2026-04-23T23:09:27.404859Z,39.98426294326782,0.031411170959472656,MOVE,-11.48,-64.17,-0.372,0.383,0.62,0.37,"[MOVE] j1=-11.48 j2=-64.17 v=(-0.372,+0.383) (cx=0.62, cy=0.37)"
181,1776985767.605546,2026-04-23T23:09:27.605546Z,40.18495035171509,0.0071964263916015625,COAST,-15.02,-61.93,-0.794,0.386,,,"[COAST] j1=-15.02 j2=-61.93 v=(-0.794,+0.386) (cx=nan, cy=nan)"
182,1776985767.8008711,2026-04-23T23:09:27.800871Z,40.38027548789978,0.009616374969482422,MOVE,-19.82,-60.53,-1.029,0.261,0.84,0.41,"[MOVE] j1=-19.82 j2=-60.53 v=(-1.029,+0.261) (cx=0.84, cy=0.41)"
183,1776985767.9950354,2026-04-23T23:09:27.995035Z,40.57443976402283,0.008519172668457031,MOVE,-24.97,-59.52,-1.035,0.171,0.85,0.44,"[MOVE] j1=-24.97 j2=-59.52 v=(-1.035,+0.171) (cx=0.85, cy=0.44)"
184,1776985768.1984944,2026-04-23T23:09:28.198494Z,40.77789878845215,0.0218966007232666,MOVE,-30.03,-59.52,-1.002,0.0,0.83,0.48,"[MOVE] j1=-30.03 j2=-59.52 v=(-1.002,+0.000) (cx=0.83, cy=0.48)"
185,1776985768.410676,2026-04-23T23:09:28.410676Z,40.9900803565979,0.014396190643310547,MOVE,-35.41,-59.69,-0.803,-0.171,0.77,0.56,"[MOVE] j1=-35.41 j2=-59.69 v=(-0.803,-0.171) (cx=0.77, cy=0.56)"
186,1776985768.6030774,2026-04-23T23:09:28.603077Z,41.18248176574707,0.022592782974243164,MOVE,-39.05,-60.69,-0.672,-0.221,0.72,0.57,"[MOVE] j1=-39.05 j2=-60.69 v=(-0.672,-0.221) (cx=0.72, cy=0.57)"
187,1776985768.8160148,2026-04-23T23:09:28.816015Z,41.395419120788574,0.00028777122497558594,MOVE,-43.24,-61.24,-0.636,0.0,0.71,0.54,"[MOVE] j1=-43.24 j2=-61.24 v=(-0.636,+0.000) (cx=0.71, cy=0.54)"
188,1776985769.070328,2026-04-23T23:09:29.070328Z,41.6497323513031,0.02668023109436035,MOVE,-46.77,-61.74,-0.557,-0.169,0.69,0.56,"[MOVE] j1=-46.77 j2=-61.74 v=(-0.557,-0.169) (cx=0.69, cy=0.56)"
189,1776985769.306797,2026-04-23T23:09:29.306797Z,41.88620138168335,0.004390716552734375,MOVE,-49.22,-61.92,-0.278,0.0,0.59,0.48,"[MOVE] j1=-49.22 j2=-61.92 v=(-0.278,+0.000) (cx=0.59, cy=0.48)"
190,1776985769.498468,2026-04-23T23:09:29.498468Z,42.07787227630615,0.01250767707824707,MOVE,-50.41,-61.92,-0.198,0.0,0.57,0.46,"[MOVE] j1=-50.41 j2=-61.92 v=(-0.198,+0.000) (cx=0.57, cy=0.46)"
191,1776985769.7011056,2026-04-23T23:09:29.701106Z,42.28050994873047,0.0267031192779541,MOVE,-50.76,-61.92,0.0,0.0,0.54,0.46,"[MOVE] j1=-50.76 j2=-61.92 v=(+0.000,+0.000) (cx=0.54, cy=0.46)"
192,1776985769.9030201,2026-04-23T23:09:29.903020Z,42.48242449760437,0.003222227096557617,MOVE,-50.76,-61.92,0.0,0.0,0.52,0.47,"[MOVE] j1=-50.76 j2=-61.92 v=(+0.000,+0.000) (cx=0.52, cy=0.47)"
193,1776985770.1037648,2026-04-23T23:09:30.103765Z,42.68316912651062,0.020201683044433594,MOVE,-50.76,-61.92,0.0,0.0,0.51,0.46,"[MOVE] j1=-50.76 j2=-61.92 v=(+0.000,+0.000) (cx=0.51, cy=0.46)"
194,1776985770.3022494,2026-04-23T23:09:30.302249Z,42.881653785705566,0.02928900718688965,MOVE,-50.76,-61.92,0.0,0.0,0.52,0.46,"[MOVE] j1=-50.76 j2=-61.92 v=(+0.000,+0.000) (cx=0.52, cy=0.46)"
195,1776985770.5966187,2026-04-23T23:09:30.596619Z,43.17602300643921,0.02533698081970215,MOVE,-51.73,-61.43,-0.35,0.0,0.62,0.48,"[MOVE] j1=-51.73 j2=-61.43 v=(-0.350,+0.000) (cx=0.62, cy=0.48)"
196,1776985770.8489954,2026-04-23T23:09:30.848995Z,43.42839980125427,0.01601433753967285,MOVE,-55.02,-61.03,-0.607,0.219,0.7,0.43,"[MOVE] j1=-55.02 j2=-61.03 v=(-0.607,+0.219) (cx=0.70, cy=0.43)"
197,1776985771.106386,2026-04-23T23:09:31.106386Z,43.68579030036926,0.006356000900268555,MOVE,-59.68,-59.49,-0.657,0.176,0.72,0.44,"[MOVE] j1=-59.68 j2=-59.49 v=(-0.657,+0.176) (cx=0.72, cy=0.44)"
198,1776985771.32692,2026-04-23T23:09:31.326920Z,43.90632438659668,0.0016314983367919922,MOVE,-63.31,-59.13,-0.547,0.0,0.68,0.47,"[MOVE] j1=-63.31 j2=-59.13 v=(-0.547,+0.000) (cx=0.68, cy=0.47)"
199,1776985771.6006086,2026-04-23T23:09:31.600609Z,44.180012941360474,0.01825690269470215,MOVE,-66.22,-59.32,-0.301,-0.182,0.6,0.56,"[MOVE] j1=-66.22 j2=-59.32 v=(-0.301,-0.182) (cx=0.60, cy=0.56)"
200,1776985771.812358,2026-04-23T23:09:31.812358Z,44.391762256622314,0.037071943283081055,MOVE,-67.89,-60.02,-0.481,0.0,0.66,0.5,"[MOVE] j1=-67.89 j2=-60.02 v=(-0.481,+0.000) (cx=0.66, cy=0.50)"
201,1776985772.0150826,2026-04-23T23:09:32.015083Z,44.594486951828,0.007216453552246094,COAST,-70.41,-60.02,-0.342,0.0,,,"[COAST] j1=-70.41 j2=-60.02 v=(-0.342,+0.000) (cx=nan, cy=nan)"
202,1776985772.210816,2026-04-23T23:09:32.210816Z,44.79022026062012,0.020984172821044922,COAST,-71.75,-60.02,-0.225,0.0,,,"[COAST] j1=-71.75 j2=-60.02 v=(-0.225,+0.000) (cx=nan, cy=nan)"
203,1776985772.404937,2026-04-23T23:09:32.404937Z,44.98434138298035,0.019179344177246094,COAST,-72.63,-60.02,-0.149,0.0,,,"[COAST] j1=-72.63 j2=-60.02 v=(-0.149,+0.000) (cx=nan, cy=nan)"
204,1776985772.603197,2026-04-23T23:09:32.603197Z,45.18260145187378,0.032470703125,COAST,-73.22,-60.02,-0.098,0.0,,,"[COAST] j1=-73.22 j2=-60.02 v=(-0.098,+0.000) (cx=nan, cy=nan)"
205,1776985772.803684,2026-04-23T23:09:32.803684Z,45.38308835029602,0.008152961730957031,COAST,-73.66,-60.02,-0.059,0.0,,,"[COAST] j1=-73.66 j2=-60.02 v=(-0.059,+0.000) (cx=nan, cy=nan)"
206,1776985772.9990978,2026-04-23T23:09:32.999098Z,45.57850217819214,0.010470151901245117,COAST,-73.89,-60.02,-0.039,0.0,,,"[COAST] j1=-73.89 j2=-60.02 v=(-0.039,+0.000) (cx=nan, cy=nan)"
207,1776985773.2023964,2026-04-23T23:09:33.202396Z,45.781800746917725,0.02529120445251465,COAST,-74.05,-60.02,-0.026,0.0,,,"[COAST] j1=-74.05 j2=-60.02 v=(-0.026,+0.000) (cx=nan, cy=nan)"
208,1776985773.400704,2026-04-23T23:09:33.400704Z,45.9801082611084,0.03633546829223633,COAST,-74.15,-60.02,-0.017,0.0,,,"[COAST] j1=-74.15 j2=-60.02 v=(-0.017,+0.000) (cx=nan, cy=nan)"
209,1776985773.605918,2026-04-23T23:09:33.605918Z,46.185322284698486,0.011765718460083008,COAST,-74.23,-60.02,-0.01,0.0,,,"[COAST] j1=-74.23 j2=-60.02 v=(-0.010,+0.000) (cx=nan, cy=nan)"
210,1776985773.7975192,2026-04-23T23:09:33.797519Z,46.37692356109619,0.20336699485778809,COAST,-74.23,-60.02,-0.01,0.0,,,"[COAST] j1=-74.23 j2=-60.02 v=(-0.010,+0.000) (cx=nan, cy=nan)"
211,1776985773.9944613,2026-04-23T23:09:33.994461Z,46.57386565208435,0.40030908584594727,COAST,-74.23,-60.02,-0.01,0.0,,,"[COAST] j1=-74.23 j2=-60.02 v=(-0.010,+0.000) (cx=nan, cy=nan)"
212,1776985774.193873,2026-04-23T23:09:34.193873Z,46.773277282714844,0.5997207164764404,COAST,-74.23,-60.02,-0.01,0.0,,,"[COAST] j1=-74.23 j2=-60.02 v=(-0.010,+0.000) (cx=nan, cy=nan)"
213,1776985774.4067621,2026-04-23T23:09:34.406762Z,46.98616647720337,0.8126099109649658,COAST,-74.23,-60.02,-0.01,0.0,,,"[COAST] j1=-74.23 j2=-60.02 v=(-0.010,+0.000) (cx=nan, cy=nan)"
214,1776985774.6043792,2026-04-23T23:09:34.604379Z,47.183783531188965,1.0102269649505615,COAST,-74.23,-60.02,-0.01,0.0,,,"[COAST] j1=-74.23 j2=-60.02 v=(-0.010,+0.000) (cx=nan, cy=nan)"
215,1776985774.8070219,2026-04-23T23:09:34.807022Z,47.38642621040344,1.212869644165039,COAST,-74.23,-60.02,-0.01,0.0,,,"[COAST] j1=-74.23 j2=-60.02 v=(-0.010,+0.000) (cx=nan, cy=nan)"
216,1776985775.0101843,2026-04-23T23:09:35.010184Z,47.58958864212036,1.416032075881958,COAST,-74.23,-60.02,-0.01,0.0,,,"[COAST] j1=-74.23 j2=-60.02 v=(-0.010,+0.000) (cx=nan, cy=nan)"
217,1776985775.2184627,2026-04-23T23:09:35.218463Z,47.79786705970764,1.6243104934692383,COAST,-74.23,-60.02,-0.01,0.0,,,"[COAST] j1=-74.23 j2=-60.02 v=(-0.010,+0.000) (cx=nan, cy=nan)"
218,1776985775.4312012,2026-04-23T23:09:35.431201Z,48.010605573654175,1.8370490074157715,COAST,-74.23,-60.02,-0.01,0.0,,,"[COAST] j1=-74.23 j2=-60.02 v=(-0.010,+0.000) (cx=nan, cy=nan)"
219,1776985775.7108727,2026-04-23T23:09:35.710873Z,48.29027700424194,2.11672043800354,COAST,-74.23,-60.02,-0.01,0.0,,,"[COAST] j1=-74.23 j2=-60.02 v=(-0.010,+0.000) (cx=nan, cy=nan)"
220,1776985775.9050453,2026-04-23T23:09:35.905045Z,48.48444962501526,2.3108930587768555,COAST,-74.23,-60.02,-0.01,0.0,,,"[COAST] j1=-74.23 j2=-60.02 v=(-0.010,+0.000) (cx=nan, cy=nan)"
221,1776985776.109413,2026-04-23T23:09:36.109413Z,48.688817262649536,2.515260696411133,COAST,-74.23,-60.02,-0.01,0.0,,,"[COAST] j1=-74.23 j2=-60.02 v=(-0.010,+0.000) (cx=nan, cy=nan)"
222,1776985776.311429,2026-04-23T23:09:36.311429Z,48.890833377838135,2.7172768115997314,COAST,-74.23,-60.02,-0.01,0.0,,,"[COAST] j1=-74.23 j2=-60.02 v=(-0.010,+0.000) (cx=nan, cy=nan)"
223,1776985776.5561054,2026-04-23T23:09:36.556105Z,49.135509729385376,2.9619531631469727,COAST,-74.23,-60.02,-0.01,0.0,,,"[COAST] j1=-74.23 j2=-60.02 v=(-0.010,+0.000) (cx=nan, cy=nan)"
224,1776985776.805242,2026-04-23T23:09:36.805242Z,49.38464641571045,3.211089849472046,COAST,-74.23,-60.02,-0.01,0.0,,,"[COAST] j1=-74.23 j2=-60.02 v=(-0.010,+0.000) (cx=nan, cy=nan)"
225,1776985777.0120084,2026-04-23T23:09:37.012008Z,49.59141278266907,3.417856216430664,COAST,-74.23,-60.02,-0.01,0.0,,,"[COAST] j1=-74.23 j2=-60.02 v=(-0.010,+0.000) (cx=nan, cy=nan)"
226,1776985777.203869,2026-04-23T23:09:37.203869Z,49.783273458480835,3.6097168922424316,COAST,-74.23,-60.02,-0.01,0.0,,,"[COAST] j1=-74.23 j2=-60.02 v=(-0.010,+0.000) (cx=nan, cy=nan)"
227,1776985777.4122698,2026-04-23T23:09:37.412270Z,49.991674184799194,3.818117618560791,COAST,-74.23,-60.02,-0.01,0.0,,,"[COAST] j1=-74.23 j2=-60.02 v=(-0.010,+0.000) (cx=nan, cy=nan)"
228,1776985777.6186037,2026-04-23T23:09:37.618604Z,50.19800806045532,4.024451494216919,COAST,-74.23,-60.02,-0.01,0.0,,,"[COAST] j1=-74.23 j2=-60.02 v=(-0.010,+0.000) (cx=nan, cy=nan)"
229,1776985777.7926357,2026-04-23T23:09:37.792636Z,50.372040033340454,4.198483467102051,COAST,-74.23,-60.02,-0.01,0.0,,,"[COAST] j1=-74.23 j2=-60.02 v=(-0.010,+0.000) (cx=nan, cy=nan)"
230,1776985778.0047708,2026-04-23T23:09:38.004771Z,50.58417510986328,4.410618543624878,COAST,-74.23,-60.02,-0.01,0.0,,,"[COAST] j1=-74.23 j2=-60.02 v=(-0.010,+0.000) (cx=nan, cy=nan)"
231,1776985778.1985915,2026-04-23T23:09:38.198591Z,50.77799582481384,4.6044392585754395,COAST,-74.23,-60.02,-0.01,0.0,,,"[COAST] j1=-74.23 j2=-60.02 v=(-0.010,+0.000) (cx=nan, cy=nan)"
232,1776985778.413364,2026-04-23T23:09:38.413364Z,50.99276828765869,4.819211721420288,COAST,-74.23,-60.02,-0.01,0.0,,,"[COAST] j1=-74.23 j2=-60.02 v=(-0.010,+0.000) (cx=nan, cy=nan)"
233,1776985778.60818,2026-04-23T23:09:38.608180Z,51.187584400177,5.014027833938599,COAST,-74.23,-60.02,-0.01,0.0,,,"[COAST] j1=-74.23 j2=-60.02 v=(-0.010,+0.000) (cx=nan, cy=nan)"
234,1776985778.8073952,2026-04-23T23:09:38.807395Z,51.386799573898315,5.213243007659912,COAST,-74.23,-60.02,-0.01,0.0,,,"[COAST] j1=-74.23 j2=-60.02 v=(-0.010,+0.000) (cx=nan, cy=nan)"
235,1776985778.9987602,2026-04-23T23:09:38.998760Z,51.57816457748413,5.4046080112457275,COAST,-74.23,-60.02,-0.01,0.0,,,"[COAST] j1=-74.23 j2=-60.02 v=(-0.010,+0.000) (cx=nan, cy=nan)"
236,1776985779.2087371,2026-04-23T23:09:39.208737Z,51.78814148902893,5.614584922790527,COAST,-74.23,-60.02,-0.01,0.0,,,"[COAST] j1=-74.23 j2=-60.02 v=(-0.010,+0.000) (cx=nan, cy=nan)"
237,1776985779.4135225,2026-04-23T23:09:39.413522Z,51.992926836013794,5.819370269775391,COAST,-74.23,-60.02,-0.01,0.0,,,"[COAST] j1=-74.23 j2=-60.02 v=(-0.010,+0.000) (cx=nan, cy=nan)"
238,1776985779.6256285,2026-04-23T23:09:39.625628Z,52.20503282546997,6.031476259231567,COAST,-74.23,-60.02,-0.01,0.0,,,"[COAST] j1=-74.23 j2=-60.02 v=(-0.010,+0.000) (cx=nan, cy=nan)"
239,1776985779.9077394,2026-04-23T23:09:39.907739Z,52.487143754959106,6.313587188720703,COAST,-74.23,-60.02,-0.01,0.0,,,"[COAST] j1=-74.23 j2=-60.02 v=(-0.010,+0.000) (cx=nan, cy=nan)"
240,1776985780.1276076,2026-04-23T23:09:40.127608Z,52.70701193809509,6.5334553718566895,COAST,-74.23,-60.02,-0.01,0.0,,,"[COAST] j1=-74.23 j2=-60.02 v=(-0.010,+0.000) (cx=nan, cy=nan)"
241,1776985780.4490304,2026-04-23T23:09:40.449030Z,53.02843475341797,6.854878187179565,COAST,-74.23,-60.02,-0.01,0.0,,,"[COAST] j1=-74.23 j2=-60.02 v=(-0.010,+0.000) (cx=nan, cy=nan)"
242,1776985780.718882,2026-04-23T23:09:40.718882Z,53.29828643798828,7.124729871749878,COAST,-74.23,-60.02,-0.01,0.0,,,"[COAST] j1=-74.23 j2=-60.02 v=(-0.010,+0.000) (cx=nan, cy=nan)"
243,1776985780.916792,2026-04-23T23:09:40.916792Z,53.496196269989014,7.32263970375061,COAST,-74.23,-60.02,-0.01,0.0,,,"[COAST] j1=-74.23 j2=-60.02 v=(-0.010,+0.000) (cx=nan, cy=nan)"
244,1776985781.0985386,2026-04-23T23:09:41.098539Z,53.677942991256714,7.5043864250183105,COAST,-74.23,-60.02,-0.01,0.0,,,"[COAST] j1=-74.23 j2=-60.02 v=(-0.010,+0.000) (cx=nan, cy=nan)"
245,1776985781.3036985,2026-04-23T23:09:41.303699Z,53.883102893829346,7.709546327590942,COAST,-74.23,-60.02,-0.01,0.0,,,"[COAST] j1=-74.23 j2=-60.02 v=(-0.010,+0.000) (cx=nan, cy=nan)"
246,1776985781.5628288,2026-04-23T23:09:41.562829Z,54.14223313331604,7.968676567077637,COAST,-74.23,-60.02,-0.01,0.0,,,"[COAST] j1=-74.23 j2=-60.02 v=(-0.010,+0.000) (cx=nan, cy=nan)"
247,1776985781.8753016,2026-04-23T23:09:41.875302Z,54.45470595359802,8.28114938735962,COAST,-74.23,-60.02,-0.01,0.0,,,"[COAST] j1=-74.23 j2=-60.02 v=(-0.010,+0.000) (cx=nan, cy=nan)"
248,1776985782.1080673,2026-04-23T23:09:42.108067Z,54.68747162818909,8.513915061950684,COAST,-74.23,-60.02,-0.01,0.0,,,"[COAST] j1=-74.23 j2=-60.02 v=(-0.010,+0.000) (cx=nan, cy=nan)"
249,1776985782.3947551,2026-04-23T23:09:42.394755Z,54.974159479141235,8.800602912902832,COAST,-74.23,-60.02,-0.01,0.0,,,"[COAST] j1=-74.23 j2=-60.02 v=(-0.010,+0.000) (cx=nan, cy=nan)"
250,1776985782.622932,2026-04-23T23:09:42.622932Z,55.20233631134033,9.028779745101929,COAST,-74.23,-60.02,-0.01,0.0,,,"[COAST] j1=-74.23 j2=-60.02 v=(-0.010,+0.000) (cx=nan, cy=nan)"
251,1776985782.9142811,2026-04-23T23:09:42.914281Z,55.493685483932495,9.320128917694092,COAST,-74.23,-60.02,-0.01,0.0,,,"[COAST] j1=-74.23 j2=-60.02 v=(-0.010,+0.000) (cx=nan, cy=nan)"
252,1776985783.1050036,2026-04-23T23:09:43.105004Z,55.68440794944763,9.510851383209229,COAST,-74.23,-60.02,-0.01,0.0,,,"[COAST] j1=-74.23 j2=-60.02 v=(-0.010,+0.000) (cx=nan, cy=nan)"
253,1776985783.297292,2026-04-23T23:09:43.297292Z,55.87669634819031,9.703139781951904,COAST,-74.23,-60.02,-0.01,0.0,,,"[COAST] j1=-74.23 j2=-60.02 v=(-0.010,+0.000) (cx=nan, cy=nan)"
254,1776985783.499806,2026-04-23T23:09:43.499806Z,56.07921028137207,9.905653715133667,COAST,-74.23,-60.02,-0.01,0.0,,,"[COAST] j1=-74.23 j2=-60.02 v=(-0.010,+0.000) (cx=nan, cy=nan)"
255,1776985783.6980882,2026-04-23T23:09:43.698088Z,56.27749252319336,10.103935956954956,COAST,-74.23,-60.02,-0.01,0.0,,,"[COAST] j1=-74.23 j2=-60.02 v=(-0.010,+0.000) (cx=nan, cy=nan)"
256,1776985783.9079175,2026-04-23T23:09:43.907917Z,56.487321853637695,10.313765287399292,COAST,-74.23,-60.02,-0.01,0.0,,,"[COAST] j1=-74.23 j2=-60.02 v=(-0.010,+0.000) (cx=nan, cy=nan)"
257,1776985784.1064308,2026-04-23T23:09:44.106431Z,56.685835123062134,10.51227855682373,COAST,-74.23,-60.02,-0.01,0.0,,,"[COAST] j1=-74.23 j2=-60.02 v=(-0.010,+0.000) (cx=nan, cy=nan)"
258,1776985784.3005435,2026-04-23T23:09:44.300544Z,56.879947900772095,10.706391334533691,COAST,-74.23,-60.02,-0.01,0.0,,,"[COAST] j1=-74.23 j2=-60.02 v=(-0.010,+0.000) (cx=nan, cy=nan)"
259,1776985784.4975445,2026-04-23T23:09:44.497545Z,57.07694888114929,10.903392314910889,COAST,-74.23,-60.02,-0.01,0.0,,,"[COAST] j1=-74.23 j2=-60.02 v=(-0.010,+0.000) (cx=nan, cy=nan)"
260,1776985784.7038584,2026-04-23T23:09:44.703858Z,57.283262729644775,11.109706163406372,COAST,-74.23,-60.02,-0.01,0.0,,,"[COAST] j1=-74.23 j2=-60.02 v=(-0.010,+0.000) (cx=nan, cy=nan)"
261,1776985784.90684,2026-04-23T23:09:44.906840Z,57.486244440078735,11.312687873840332,COAST,-74.23,-60.02,-0.01,0.0,,,"[COAST] j1=-74.23 j2=-60.02 v=(-0.010,+0.000) (cx=nan, cy=nan)"
262,1776985785.1035056,2026-04-23T23:09:45.103506Z,57.68290996551514,11.509353399276733,COAST,-74.23,-60.02,-0.01,0.0,,,"[COAST] j1=-74.23 j2=-60.02 v=(-0.010,+0.000) (cx=nan, cy=nan)"
263,1776985785.2928488,2026-04-23T23:09:45.292849Z,57.87225317955017,11.698696613311768,COAST,-74.23,-60.02,-0.01,0.0,,,"[COAST] j1=-74.23 j2=-60.02 v=(-0.010,+0.000) (cx=nan, cy=nan)"
264,1776985785.5132651,2026-04-23T23:09:45.513265Z,58.09266948699951,11.919112920761108,COAST,-74.23,-60.02,-0.01,0.0,,,"[COAST] j1=-74.23 j2=-60.02 v=(-0.010,+0.000) (cx=nan, cy=nan)"
265,1776985785.7110543,2026-04-23T23:09:45.711054Z,58.29045867919922,12.116902112960815,COAST,-74.23,-60.02,-0.01,0.0,,,"[COAST] j1=-74.23 j2=-60.02 v=(-0.010,+0.000) (cx=nan, cy=nan)"
266,1776985785.905958,2026-04-23T23:09:45.905958Z,58.48536229133606,12.311805725097656,COAST,-74.23,-60.02,-0.01,0.0,,,"[COAST] j1=-74.23 j2=-60.02 v=(-0.010,+0.000) (cx=nan, cy=nan)"
267,1776985786.1212108,2026-04-23T23:09:46.121211Z,58.7006151676178,12.527058601379395,COAST,-74.23,-60.02,-0.01,0.0,,,"[COAST] j1=-74.23 j2=-60.02 v=(-0.010,+0.000) (cx=nan, cy=nan)"
268,1776985786.4152784,2026-04-23T23:09:46.415278Z,58.99468278884888,12.821126222610474,COAST,-74.23,-60.02,-0.01,0.0,,,"[COAST] j1=-74.23 j2=-60.02 v=(-0.010,+0.000) (cx=nan, cy=nan)"
269,1776985786.6026616,2026-04-23T23:09:46.602662Z,59.18206596374512,13.008509397506714,COAST,-74.23,-60.02,-0.01,0.0,,,"[COAST] j1=-74.23 j2=-60.02 v=(-0.010,+0.000) (cx=nan, cy=nan)"
270,1776985786.811285,2026-04-23T23:09:46.811285Z,59.39068937301636,13.217132806777954,COAST,-74.23,-60.02,-0.01,0.0,,,"[COAST] j1=-74.23 j2=-60.02 v=(-0.010,+0.000) (cx=nan, cy=nan)"
271,1776985787.0181038,2026-04-23T23:09:47.018104Z,59.59750819206238,13.423951625823975,COAST,-74.23,-60.02,-0.01,0.0,,,"[COAST] j1=-74.23 j2=-60.02 v=(-0.010,+0.000) (cx=nan, cy=nan)"
272,1776985787.2197063,2026-04-23T23:09:47.219706Z,59.799110651016235,13.625554084777832,COAST,-74.23,-60.02,-0.01,0.0,,,"[COAST] j1=-74.23 j2=-60.02 v=(-0.010,+0.000) (cx=nan, cy=nan)"
273,1776985787.4186685,2026-04-23T23:09:47.418669Z,59.99807286262512,13.824516296386719,COAST,-74.23,-60.02,-0.01,0.0,,,"[COAST] j1=-74.23 j2=-60.02 v=(-0.010,+0.000) (cx=nan, cy=nan)"
274,1776985787.604816,2026-04-23T23:09:47.604816Z,60.18422031402588,14.010663747787476,COAST,-74.23,-60.02,-0.01,0.0,,,"[COAST] j1=-74.23 j2=-60.02 v=(-0.010,+0.000) (cx=nan, cy=nan)"
275,1776985787.8031797,2026-04-23T23:09:47.803180Z,60.38258409500122,14.209027528762817,COAST,-74.23,-60.02,-0.01,0.0,,,"[COAST] j1=-74.23 j2=-60.02 v=(-0.010,+0.000) (cx=nan, cy=nan)"
276,1776985788.0087805,2026-04-23T23:09:48.008780Z,60.58818483352661,14.414628267288208,COAST,-74.23,-60.02,-0.01,0.0,,,"[COAST] j1=-74.23 j2=-60.02 v=(-0.010,+0.000) (cx=nan, cy=nan)"
277,1776985788.20098,2026-04-23T23:09:48.200980Z,60.78038430213928,14.606827735900879,COAST,-74.23,-60.02,-0.01,0.0,,,"[COAST] j1=-74.23 j2=-60.02 v=(-0.010,+0.000) (cx=nan, cy=nan)"
278,1776985788.4088922,2026-04-23T23:09:48.408892Z,60.98829650878906,14.81473994255066,COAST,-74.23,-60.02,-0.01,0.0,,,"[COAST] j1=-74.23 j2=-60.02 v=(-0.010,+0.000) (cx=nan, cy=nan)"
279,1776985788.6064696,2026-04-23T23:09:48.606470Z,61.18587398529053,15.012317419052124,COAST,-74.23,-60.02,-0.01,0.0,,,"[COAST] j1=-74.23 j2=-60.02 v=(-0.010,+0.000) (cx=nan, cy=nan)"
280,1776985788.8033247,2026-04-23T23:09:48.803325Z,61.382729053497314,15.209172487258911,COAST,-74.23,-60.02,-0.01,0.0,,,"[COAST] j1=-74.23 j2=-60.02 v=(-0.010,+0.000) (cx=nan, cy=nan)"
281,1776985789.0012197,2026-04-23T23:09:49.001220Z,61.58062410354614,15.40706753730774,COAST,-74.23,-60.02,-0.01,0.0,,,"[COAST] j1=-74.23 j2=-60.02 v=(-0.010,+0.000) (cx=nan, cy=nan)"
282,1776985789.2062953,2026-04-23T23:09:49.206295Z,61.78569960594177,15.61214303970337,COAST,-74.23,-60.02,-0.01,0.0,,,"[COAST] j1=-74.23 j2=-60.02 v=(-0.010,+0.000) (cx=nan, cy=nan)"
283,1776985789.406495,2026-04-23T23:09:49.406495Z,61.985899448394775,15.812342882156372,COAST,-74.23,-60.02,-0.01,0.0,,,"[COAST] j1=-74.23 j2=-60.02 v=(-0.010,+0.000) (cx=nan, cy=nan)"
284,1776985789.6083562,2026-04-23T23:09:49.608356Z,62.18776059150696,16.014204025268555,COAST,-74.23,-60.02,-0.01,0.0,,,"[COAST] j1=-74.23 j2=-60.02 v=(-0.010,+0.000) (cx=nan, cy=nan)"
285,1776985789.810259,2026-04-23T23:09:49.810259Z,62.38966345787048,16.21610689163208,COAST,-74.23,-60.02,-0.01,0.0,,,"[COAST] j1=-74.23 j2=-60.02 v=(-0.010,+0.000) (cx=nan, cy=nan)"
286,1776985790.0068772,2026-04-23T23:09:50.006877Z,62.586281538009644,16.41272497177124,COAST,-74.23,-60.02,-0.01,0.0,,,"[COAST] j1=-74.23 j2=-60.02 v=(-0.010,+0.000) (cx=nan, cy=nan)"
287,1776985790.2092674,2026-04-23T23:09:50.209267Z,62.78867173194885,16.61511516571045,COAST,-74.23,-60.02,-0.01,0.0,,,"[COAST] j1=-74.23 j2=-60.02 v=(-0.010,+0.000) (cx=nan, cy=nan)"
288,1776985790.4264631,2026-04-23T23:09:50.426463Z,63.00586748123169,16.832310914993286,COAST,-74.23,-60.02,-0.01,0.0,,,"[COAST] j1=-74.23 j2=-60.02 v=(-0.010,+0.000) (cx=nan, cy=nan)"
289,1776985790.701254,2026-04-23T23:09:50.701254Z,63.28065824508667,17.107101678848267,COAST,-74.23,-60.02,-0.01,0.0,,,"[COAST] j1=-74.23 j2=-60.02 v=(-0.010,+0.000) (cx=nan, cy=nan)"
290,1776985790.8983583,2026-04-23T23:09:50.898358Z,63.4777626991272,17.304206132888794,COAST,-74.23,-60.02,-0.01,0.0,,,"[COAST] j1=-74.23 j2=-60.02 v=(-0.010,+0.000) (cx=nan, cy=nan)"
291,1776985791.1166427,2026-04-23T23:09:51.116643Z,63.69604706764221,17.52249050140381,COAST,-74.23,-60.02,-0.01,0.0,,,"[COAST] j1=-74.23 j2=-60.02 v=(-0.010,+0.000) (cx=nan, cy=nan)"
292,1776985791.312696,2026-04-23T23:09:51.312696Z,63.89210033416748,17.718543767929077,COAST,-74.23,-60.02,-0.01,0.0,,,"[COAST] j1=-74.23 j2=-60.02 v=(-0.010,+0.000) (cx=nan, cy=nan)"
293,1776985791.5142431,2026-04-23T23:09:51.514243Z,64.09364748001099,17.920090913772583,COAST,-74.23,-60.02,-0.01,0.0,,,"[COAST] j1=-74.23 j2=-60.02 v=(-0.010,+0.000) (cx=nan, cy=nan)"
294,1776985791.7073417,2026-04-23T23:09:51.707342Z,64.28674602508545,18.113189458847046,COAST,-74.23,-60.02,-0.01,0.0,,,"[COAST] j1=-74.23 j2=-60.02 v=(-0.010,+0.000) (cx=nan, cy=nan)"
295,1776985791.913522,2026-04-23T23:09:51.913522Z,64.49292635917664,18.319369792938232,COAST,-74.23,-60.02,-0.01,0.0,,,"[COAST] j1=-74.23 j2=-60.02 v=(-0.010,+0.000) (cx=nan, cy=nan)"
296,1776985792.1116855,2026-04-23T23:09:52.111686Z,64.69108986854553,18.51753330230713,COAST,-74.23,-60.02,-0.01,0.0,,,"[COAST] j1=-74.23 j2=-60.02 v=(-0.010,+0.000) (cx=nan, cy=nan)"
297,1776985792.309289,2026-04-23T23:09:52.309289Z,64.88869333267212,18.715136766433716,COAST,-74.23,-60.02,-0.01,0.0,,,"[COAST] j1=-74.23 j2=-60.02 v=(-0.010,+0.000) (cx=nan, cy=nan)"
298,1776985792.508913,2026-04-23T23:09:52.508913Z,65.08831739425659,18.91476082801819,COAST,-74.23,-60.02,-0.01,0.0,,,"[COAST] j1=-74.23 j2=-60.02 v=(-0.010,+0.000) (cx=nan, cy=nan)"
299,1776985792.7936985,2026-04-23T23:09:52.793699Z,65.37310290336609,19.199546337127686,COAST,-74.23,-60.02,-0.01,0.0,,,"[COAST] j1=-74.23 j2=-60.02 v=(-0.010,+0.000) (cx=nan, cy=nan)"
300,1776985793.0052946,2026-04-23T23:09:53.005295Z,65.58469891548157,19.411142349243164,COAST,-74.23,-60.02,-0.01,0.0,,,"[COAST] j1=-74.23 j2=-60.02 v=(-0.010,+0.000) (cx=nan, cy=nan)"
301,1776985793.2106965,2026-04-23T23:09:53.210696Z,65.79010081291199,19.616544246673584,COAST,-74.23,-60.02,-0.01,0.0,,,"[COAST] j1=-74.23 j2=-60.02 v=(-0.010,+0.000) (cx=nan, cy=nan)"
302,1776985793.406727,2026-04-23T23:09:53.406727Z,65.98613142967224,19.812574863433838,COAST,-74.23,-60.02,-0.01,0.0,,,"[COAST] j1=-74.23 j2=-60.02 v=(-0.010,+0.000) (cx=nan, cy=nan)"
303,1776985793.6758223,2026-04-23T23:09:53.675822Z,66.25522661209106,20.08167004585266,COAST,-74.23,-60.02,-0.01,0.0,,,"[COAST] j1=-74.23 j2=-60.02 v=(-0.010,+0.000) (cx=nan, cy=nan)"
304,1776985793.90709,2026-04-23T23:09:53.907090Z,66.48649430274963,20.31293773651123,COAST,-74.23,-60.02,-0.01,0.0,,,"[COAST] j1=-74.23 j2=-60.02 v=(-0.010,+0.000) (cx=nan, cy=nan)"
305,1776985794.1143808,2026-04-23T23:09:54.114381Z,66.69378519058228,20.520228624343872,COAST,-74.23,-60.02,-0.01,0.0,,,"[COAST] j1=-74.23 j2=-60.02 v=(-0.010,+0.000) (cx=nan, cy=nan)"
306,1776985794.3168914,2026-04-23T23:09:54.316891Z,66.89629578590393,20.722739219665527,COAST,-74.23,-60.02,-0.01,0.0,,,"[COAST] j1=-74.23 j2=-60.02 v=(-0.010,+0.000) (cx=nan, cy=nan)"
307,1776985794.5109122,2026-04-23T23:09:54.510912Z,67.09031653404236,20.916759967803955,COAST,-74.23,-60.02,-0.01,0.0,,,"[COAST] j1=-74.23 j2=-60.02 v=(-0.010,+0.000) (cx=nan, cy=nan)"
308,1776985794.7105227,2026-04-23T23:09:54.710523Z,67.28992700576782,21.11637043952942,COAST,-74.23,-60.02,-0.01,0.0,,,"[COAST] j1=-74.23 j2=-60.02 v=(-0.010,+0.000) (cx=nan, cy=nan)"
309,1776985794.9148078,2026-04-23T23:09:54.914808Z,67.49421215057373,21.320655584335327,COAST,-74.23,-60.02,-0.01,0.0,,,"[COAST] j1=-74.23 j2=-60.02 v=(-0.010,+0.000) (cx=nan, cy=nan)"
310,1776985795.1166005,2026-04-23T23:09:55.116601Z,67.69600486755371,21.522448301315308,COAST,-74.23,-60.02,-0.01,0.0,,,"[COAST] j1=-74.23 j2=-60.02 v=(-0.010,+0.000) (cx=nan, cy=nan)"
311,1776985795.3165002,2026-04-23T23:09:55.316500Z,67.89590454101562,21.72234797477722,COAST,-74.23,-60.02,-0.01,0.0,,,"[COAST] j1=-74.23 j2=-60.02 v=(-0.010,+0.000) (cx=nan, cy=nan)"
312,1776985795.5788941,2026-04-23T23:09:55.578894Z,68.15829849243164,21.984741926193237,COAST,-74.23,-60.02,-0.01,0.0,,,"[COAST] j1=-74.23 j2=-60.02 v=(-0.010,+0.000) (cx=nan, cy=nan)"
313,1776985795.8012676,2026-04-23T23:09:55.801268Z,68.38067197799683,22.207115411758423,COAST,-74.23,-60.02,-0.01,0.0,,,"[COAST] j1=-74.23 j2=-60.02 v=(-0.010,+0.000) (cx=nan, cy=nan)"
314,1776985796.0038908,2026-04-23T23:09:56.003891Z,68.58329510688782,22.409738540649414,COAST,-74.23,-60.02,-0.01,0.0,,,"[COAST] j1=-74.23 j2=-60.02 v=(-0.010,+0.000) (cx=nan, cy=nan)"
315,1776985796.2047687,2026-04-23T23:09:56.204769Z,68.78417301177979,22.610616445541382,COAST,-74.23,-60.02,-0.01,0.0,,,"[COAST] j1=-74.23 j2=-60.02 v=(-0.010,+0.000) (cx=nan, cy=nan)"
316,1776985796.4022675,2026-04-23T23:09:56.402267Z,68.98167181015015,22.808115243911743,COAST,-74.23,-60.02,-0.01,0.0,,,"[COAST] j1=-74.23 j2=-60.02 v=(-0.010,+0.000) (cx=nan, cy=nan)"
317,1776985796.604158,2026-04-23T23:09:56.604158Z,69.18356227874756,23.010005712509155,COAST,-74.23,-60.02,-0.01,0.0,,,"[COAST] j1=-74.23 j2=-60.02 v=(-0.010,+0.000) (cx=nan, cy=nan)"
318,1776985796.7927854,2026-04-23T23:09:56.792785Z,69.37218976020813,23.198633193969727,COAST,-74.23,-60.02,-0.01,0.0,,,"[COAST] j1=-74.23 j2=-60.02 v=(-0.010,+0.000) (cx=nan, cy=nan)"
319,1776985797.015185,2026-04-23T23:09:57.015185Z,69.59458947181702,23.421032905578613,COAST,-74.23,-60.02,-0.01,0.0,,,"[COAST] j1=-74.23 j2=-60.02 v=(-0.010,+0.000) (cx=nan, cy=nan)"
320,1776985797.2163248,2026-04-23T23:09:57.216325Z,69.79572916030884,23.622172594070435,COAST,-74.23,-60.02,-0.01,0.0,,,"[COAST] j1=-74.23 j2=-60.02 v=(-0.010,+0.000) (cx=nan, cy=nan)"
321,1776985797.4099824,2026-04-23T23:09:57.409982Z,69.9893867969513,23.81583023071289,COAST,-74.23,-60.02,-0.01,0.0,,,"[COAST] j1=-74.23 j2=-60.02 v=(-0.010,+0.000) (cx=nan, cy=nan)"
322,1776985797.6069915,2026-04-23T23:09:57.606992Z,70.18639588356018,24.012839317321777,COAST,-74.23,-60.02,-0.01,0.0,,,"[COAST] j1=-74.23 j2=-60.02 v=(-0.010,+0.000) (cx=nan, cy=nan)"
323,1776985797.8067791,2026-04-23T23:09:57.806779Z,70.38618350028992,24.212626934051514,COAST,-74.23,-60.02,-0.01,0.0,,,"[COAST] j1=-74.23 j2=-60.02 v=(-0.010,+0.000) (cx=nan, cy=nan)"
324,1776985798.0041332,2026-04-23T23:09:58.004133Z,70.58353757858276,24.40998101234436,COAST,-74.23,-60.02,-0.01,0.0,,,"[COAST] j1=-74.23 j2=-60.02 v=(-0.010,+0.000) (cx=nan, cy=nan)"
325,1776985798.2110536,2026-04-23T23:09:58.211054Z,70.79045796394348,24.616901397705078,COAST,-74.23,-60.02,-0.01,0.0,,,"[COAST] j1=-74.23 j2=-60.02 v=(-0.010,+0.000) (cx=nan, cy=nan)"
326,1776985798.4118528,2026-04-23T23:09:58.411853Z,70.99125719070435,24.817700624465942,COAST,-74.23,-60.02,-0.01,0.0,,,"[COAST] j1=-74.23 j2=-60.02 v=(-0.010,+0.000) (cx=nan, cy=nan)"
327,1776985798.6046467,2026-04-23T23:09:58.604647Z,71.18405103683472,25.010494470596313,COAST,-74.23,-60.02,-0.01,0.0,,,"[COAST] j1=-74.23 j2=-60.02 v=(-0.010,+0.000) (cx=nan, cy=nan)"
328,1776985798.8034348,2026-04-23T23:09:58.803435Z,71.38283920288086,25.209282636642456,COAST,-74.23,-60.02,-0.01,0.0,,,"[COAST] j1=-74.23 j2=-60.02 v=(-0.010,+0.000) (cx=nan, cy=nan)"
329,1776985799.0146363,2026-04-23T23:09:59.014636Z,71.59404063224792,25.42048406600952,COAST,-74.23,-60.02,-0.01,0.0,,,"[COAST] j1=-74.23 j2=-60.02 v=(-0.010,+0.000) (cx=nan, cy=nan)"
330,1776985799.212416,2026-04-23T23:09:59.212416Z,71.79182028770447,25.618263721466064,COAST,-74.23,-60.02,-0.01,0.0,,,"[COAST] j1=-74.23 j2=-60.02 v=(-0.010,+0.000) (cx=nan, cy=nan)"
331,1776985799.4114556,2026-04-23T23:09:59.411456Z,71.99085998535156,25.81730341911316,COAST,-74.23,-60.02,-0.01,0.0,,,"[COAST] j1=-74.23 j2=-60.02 v=(-0.010,+0.000) (cx=nan, cy=nan)"
332,1776985799.6048667,2026-04-23T23:09:59.604867Z,72.18427109718323,26.010714530944824,COAST,-74.23,-60.02,-0.01,0.0,,,"[COAST] j1=-74.23 j2=-60.02 v=(-0.010,+0.000) (cx=nan, cy=nan)"
333,1776985799.8061974,2026-04-23T23:09:59.806197Z,72.38560175895691,26.212045192718506,COAST,-74.23,-60.02,-0.01,0.0,,,"[COAST] j1=-74.23 j2=-60.02 v=(-0.010,+0.000) (cx=nan, cy=nan)"
334,1776985800.0162203,2026-04-23T23:10:00.016220Z,72.59562468528748,26.422068119049072,COAST,-74.23,-60.02,-0.01,0.0,,,"[COAST] j1=-74.23 j2=-60.02 v=(-0.010,+0.000) (cx=nan, cy=nan)"
335,1776985800.2981682,2026-04-23T23:10:00.298168Z,72.8775725364685,26.704015970230103,COAST,-74.23,-60.02,-0.01,0.0,,,"[COAST] j1=-74.23 j2=-60.02 v=(-0.010,+0.000) (cx=nan, cy=nan)"
336,1776985800.632319,2026-04-23T23:10:00.632319Z,73.21172332763672,27.038166761398315,COAST,-74.23,-60.02,-0.01,0.0,,,"[COAST] j1=-74.23 j2=-60.02 v=(-0.010,+0.000) (cx=nan, cy=nan)"
337,1776985800.9123645,2026-04-23T23:10:00.912364Z,73.4917688369751,27.318212270736694,COAST,-74.23,-60.02,-0.01,0.0,,,"[COAST] j1=-74.23 j2=-60.02 v=(-0.010,+0.000) (cx=nan, cy=nan)"
338,1776985801.1070209,2026-04-23T23:10:01.107021Z,73.68642520904541,27.512868642807007,COAST,-74.23,-60.02,-0.01,0.0,,,"[COAST] j1=-74.23 j2=-60.02 v=(-0.010,+0.000) (cx=nan, cy=nan)"
339,1776985801.3181963,2026-04-23T23:10:01.318196Z,73.89760065078735,27.72404408454895,COAST,-74.23,-60.02,-0.01,0.0,,,"[COAST] j1=-74.23 j2=-60.02 v=(-0.010,+0.000) (cx=nan, cy=nan)"
340,1776985801.511011,2026-04-23T23:10:01.511011Z,74.0904152393341,27.916858673095703,COAST,-74.23,-60.02,-0.01,0.0,,,"[COAST] j1=-74.23 j2=-60.02 v=(-0.010,+0.000) (cx=nan, cy=nan)"
341,1776985801.7040808,2026-04-23T23:10:01.704081Z,74.28348517417908,28.109928607940674,COAST,-74.23,-60.02,-0.01,0.0,,,"[COAST] j1=-74.23 j2=-60.02 v=(-0.010,+0.000) (cx=nan, cy=nan)"
342,1776985801.9051864,2026-04-23T23:10:01.905186Z,74.48459076881409,28.311034202575684,COAST,-74.23,-60.02,-0.01,0.0,,,"[COAST] j1=-74.23 j2=-60.02 v=(-0.010,+0.000) (cx=nan, cy=nan)"
343,1776985802.0932014,2026-04-23T23:10:02.093201Z,74.67260575294495,28.499049186706543,COAST,-74.23,-60.02,-0.01,0.0,,,"[COAST] j1=-74.23 j2=-60.02 v=(-0.010,+0.000) (cx=nan, cy=nan)"
344,1776985802.300993,2026-04-23T23:10:02.300993Z,74.8803973197937,28.706840753555298,COAST,-74.23,-60.02,-0.01,0.0,,,"[COAST] j1=-74.23 j2=-60.02 v=(-0.010,+0.000) (cx=nan, cy=nan)"
345,1776985802.513584,2026-04-23T23:10:02.513584Z,75.09298825263977,28.919431686401367,COAST,-74.23,-60.02,-0.01,0.0,,,"[COAST] j1=-74.23 j2=-60.02 v=(-0.010,+0.000) (cx=nan, cy=nan)"
346,1776985802.7124634,2026-04-23T23:10:02.712463Z,75.29186773300171,29.118311166763306,COAST,-74.23,-60.02,-0.01,0.0,,,"[COAST] j1=-74.23 j2=-60.02 v=(-0.010,+0.000) (cx=nan, cy=nan)"
347,1776985802.904883,2026-04-23T23:10:02.904883Z,75.48428726196289,29.310730695724487,COAST,-74.23,-60.02,-0.01,0.0,,,"[COAST] j1=-74.23 j2=-60.02 v=(-0.010,+0.000) (cx=nan, cy=nan)"
348,1776985803.1111624,2026-04-23T23:10:03.111162Z,75.69056677818298,29.51701021194458,COAST,-74.23,-60.02,-0.01,0.0,,,"[COAST] j1=-74.23 j2=-60.02 v=(-0.010,+0.000) (cx=nan, cy=nan)"
349,1776985803.3054018,2026-04-23T23:10:03.305402Z,75.88480615615845,29.711249589920044,COAST,-74.23,-60.02,-0.01,0.0,,,"[COAST] j1=-74.23 j2=-60.02 v=(-0.010,+0.000) (cx=nan, cy=nan)"
350,1776985803.5261934,2026-04-23T23:10:03.526193Z,76.1055977344513,29.93204116821289,COAST,-74.23,-60.02,-0.01,0.0,,,"[COAST] j1=-74.23 j2=-60.02 v=(-0.010,+0.000) (cx=nan, cy=nan)"
351,1776985803.8075373,2026-04-23T23:10:03.807537Z,76.38694167137146,30.213385105133057,COAST,-74.23,-60.02,-0.01,0.0,,,"[COAST] j1=-74.23 j2=-60.02 v=(-0.010,+0.000) (cx=nan, cy=nan)"
352,1776985804.0120318,2026-04-23T23:10:04.012032Z,76.59143614768982,30.417879581451416,COAST,-74.23,-60.02,-0.01,0.0,,,"[COAST] j1=-74.23 j2=-60.02 v=(-0.010,+0.000) (cx=nan, cy=nan)"
353,1776985804.2276304,2026-04-23T23:10:04.227630Z,76.80703473091125,30.63347816467285,COAST,-74.23,-60.02,-0.01,0.0,,,"[COAST] j1=-74.23 j2=-60.02 v=(-0.010,+0.000) (cx=nan, cy=nan)"
354,1776985804.5131645,2026-04-23T23:10:04.513165Z,77.09256887435913,30.919012308120728,COAST,-74.23,-60.02,-0.01,0.0,,,"[COAST] j1=-74.23 j2=-60.02 v=(-0.010,+0.000) (cx=nan, cy=nan)"
355,1776985804.7154558,2026-04-23T23:10:04.715456Z,77.29486012458801,31.12130355834961,COAST,-74.23,-60.02,-0.01,0.0,,,"[COAST] j1=-74.23 j2=-60.02 v=(-0.010,+0.000) (cx=nan, cy=nan)"
356,1776985804.9048245,2026-04-23T23:10:04.904824Z,77.48422884941101,31.310672283172607,COAST,-74.23,-60.02,-0.01,0.0,,,"[COAST] j1=-74.23 j2=-60.02 v=(-0.010,+0.000) (cx=nan, cy=nan)"
357,1776985805.1106074,2026-04-23T23:10:05.110607Z,77.69001173973083,31.51645517349243,COAST,-74.23,-60.02,-0.01,0.0,,,"[COAST] j1=-74.23 j2=-60.02 v=(-0.010,+0.000) (cx=nan, cy=nan)"
358,1776985805.308816,2026-04-23T23:10:05.308816Z,77.88822031021118,31.71466374397278,COAST,-74.23,-60.02,-0.01,0.0,,,"[COAST] j1=-74.23 j2=-60.02 v=(-0.010,+0.000) (cx=nan, cy=nan)"
359,1776985805.5527506,2026-04-23T23:10:05.552751Z,78.13215494155884,31.958598375320435,COAST,-74.23,-60.02,-0.01,0.0,,,"[COAST] j1=-74.23 j2=-60.02 v=(-0.010,+0.000) (cx=nan, cy=nan)"
360,1776985805.8126853,2026-04-23T23:10:05.812685Z,78.39208960533142,32.21853303909302,COAST,-74.23,-60.02,-0.01,0.0,,,"[COAST] j1=-74.23 j2=-60.02 v=(-0.010,+0.000) (cx=nan, cy=nan)"
361,1776985806.0126812,2026-04-23T23:10:06.012681Z,78.59208559989929,32.41852903366089,COAST,-74.23,-60.02,-0.01,0.0,,,"[COAST] j1=-74.23 j2=-60.02 v=(-0.010,+0.000) (cx=nan, cy=nan)"
362,1776985806.2877545,2026-04-23T23:10:06.287755Z,78.86715888977051,32.693602323532104,COAST,-74.23,-60.02,-0.01,0.0,,,"[COAST] j1=-74.23 j2=-60.02 v=(-0.010,+0.000) (cx=nan, cy=nan)"
363,1776985806.5127096,2026-04-23T23:10:06.512710Z,79.0921139717102,32.9185574054718,COAST,-74.23,-60.02,-0.01,0.0,,,"[COAST] j1=-74.23 j2=-60.02 v=(-0.010,+0.000) (cx=nan, cy=nan)"
364,1776985806.7053497,2026-04-23T23:10:06.705350Z,79.28475403785706,33.11119747161865,COAST,-74.23,-60.02,-0.01,0.0,,,"[COAST] j1=-74.23 j2=-60.02 v=(-0.010,+0.000) (cx=nan, cy=nan)"
365,1776985806.9048572,2026-04-23T23:10:06.904857Z,79.48426151275635,33.310704946517944,COAST,-74.23,-60.02,-0.01,0.0,,,"[COAST] j1=-74.23 j2=-60.02 v=(-0.010,+0.000) (cx=nan, cy=nan)"
366,1776985807.113982,2026-04-23T23:10:07.113982Z,79.69338631629944,33.519829750061035,COAST,-74.23,-60.02,-0.01,0.0,,,"[COAST] j1=-74.23 j2=-60.02 v=(-0.010,+0.000) (cx=nan, cy=nan)"
367,1776985807.304702,2026-04-23T23:10:07.304702Z,79.88410639762878,33.71054983139038,COAST,-74.23,-60.02,-0.01,0.0,,,"[COAST] j1=-74.23 j2=-60.02 v=(-0.010,+0.000) (cx=nan, cy=nan)"
368,1776985807.516552,2026-04-23T23:10:07.516552Z,80.095956325531,33.9223997592926,COAST,-74.23,-60.02,-0.01,0.0,,,"[COAST] j1=-74.23 j2=-60.02 v=(-0.010,+0.000) (cx=nan, cy=nan)"
369,1776985807.711302,2026-04-23T23:10:07.711302Z,80.2907063961029,34.1171498298645,COAST,-74.23,-60.02,-0.01,0.0,,,"[COAST] j1=-74.23 j2=-60.02 v=(-0.010,+0.000) (cx=nan, cy=nan)"
370,1776985807.9093778,2026-04-23T23:10:07.909378Z,80.48878216743469,34.31522560119629,COAST,-74.23,-60.02,-0.01,0.0,,,"[COAST] j1=-74.23 j2=-60.02 v=(-0.010,+0.000) (cx=nan, cy=nan)"
371,1776985808.1191928,2026-04-23T23:10:08.119193Z,80.69859719276428,34.52504062652588,COAST,-74.23,-60.02,-0.01,0.0,,,"[COAST] j1=-74.23 j2=-60.02 v=(-0.010,+0.000) (cx=nan, cy=nan)"
372,1776985808.3076997,2026-04-23T23:10:08.307700Z,80.88710403442383,34.713547468185425,COAST,-74.23,-60.02,-0.01,0.0,,,"[COAST] j1=-74.23 j2=-60.02 v=(-0.010,+0.000) (cx=nan, cy=nan)"
373,1776985808.513383,2026-04-23T23:10:08.513383Z,81.09278726577759,34.919230699539185,COAST,-74.23,-60.02,-0.01,0.0,,,"[COAST] j1=-74.23 j2=-60.02 v=(-0.010,+0.000) (cx=nan, cy=nan)"
374,1776985808.7113469,2026-04-23T23:10:08.711347Z,81.29075121879578,35.11719465255737,COAST,-74.23,-60.02,-0.01,0.0,,,"[COAST] j1=-74.23 j2=-60.02 v=(-0.010,+0.000) (cx=nan, cy=nan)"
375,1776985808.9091356,2026-04-23T23:10:08.909136Z,81.48853993415833,35.31498336791992,COAST,-74.23,-60.02,-0.01,0.0,,,"[COAST] j1=-74.23 j2=-60.02 v=(-0.010,+0.000) (cx=nan, cy=nan)"
376,1776985809.1056395,2026-04-23T23:10:09.105639Z,81.6850438117981,35.51148724555969,COAST,-74.23,-60.02,-0.01,0.0,,,"[COAST] j1=-74.23 j2=-60.02 v=(-0.010,+0.000) (cx=nan, cy=nan)"
377,1776985809.298242,2026-04-23T23:10:09.298242Z,81.87764644622803,35.704089879989624,COAST,-74.23,-60.02,-0.01,0.0,,,"[COAST] j1=-74.23 j2=-60.02 v=(-0.010,+0.000) (cx=nan, cy=nan)"
378,1776985809.5053024,2026-04-23T23:10:09.505302Z,82.08470678329468,35.911150217056274,COAST,-74.23,-60.02,-0.01,0.0,,,"[COAST] j1=-74.23 j2=-60.02 v=(-0.010,+0.000) (cx=nan, cy=nan)"
379,1776985809.707479,2026-04-23T23:10:09.707479Z,82.28688335418701,36.11332678794861,COAST,-74.23,-60.02,-0.01,0.0,,,"[COAST] j1=-74.23 j2=-60.02 v=(-0.010,+0.000) (cx=nan, cy=nan)"
380,1776985809.9105363,2026-04-23T23:10:09.910536Z,82.48994064331055,36.316384077072144,COAST,-74.23,-60.02,-0.01,0.0,,,"[COAST] j1=-74.23 j2=-60.02 v=(-0.010,+0.000) (cx=nan, cy=nan)"
381,1776985810.098773,2026-04-23T23:10:10.098773Z,82.67817735671997,36.50462079048157,COAST,-74.23,-60.02,-0.01,0.0,,,"[COAST] j1=-74.23 j2=-60.02 v=(-0.010,+0.000) (cx=nan, cy=nan)"
382,1776985810.4234576,2026-04-23T23:10:10.423458Z,83.00286197662354,36.82930541038513,COAST,-74.23,-60.02,-0.01,0.0,,,"[COAST] j1=-74.23 j2=-60.02 v=(-0.010,+0.000) (cx=nan, cy=nan)"
383,1776985810.720902,2026-04-23T23:10:10.720902Z,83.30030632019043,37.126749753952026,COAST,-74.23,-60.02,-0.01,0.0,,,"[COAST] j1=-74.23 j2=-60.02 v=(-0.010,+0.000) (cx=nan, cy=nan)"
384,1776985811.0248468,2026-04-23T23:10:11.024847Z,83.60425114631653,37.430694580078125,COAST,-74.23,-60.02,-0.01,0.0,,,"[COAST] j1=-74.23 j2=-60.02 v=(-0.010,+0.000) (cx=nan, cy=nan)"
385,1776985811.3108754,2026-04-23T23:10:11.310875Z,83.89027976989746,37.71672320365906,COAST,-74.23,-60.02,-0.01,0.0,,,"[COAST] j1=-74.23 j2=-60.02 v=(-0.010,+0.000) (cx=nan, cy=nan)"
386,1776985811.5236309,2026-04-23T23:10:11.523631Z,84.10303521156311,37.92947864532471,COAST,-74.23,-60.02,-0.01,0.0,,,"[COAST] j1=-74.23 j2=-60.02 v=(-0.010,+0.000) (cx=nan, cy=nan)"
387,1776985811.8088586,2026-04-23T23:10:11.808859Z,84.38826298713684,38.21470642089844,COAST,-74.23,-60.02,-0.01,0.0,,,"[COAST] j1=-74.23 j2=-60.02 v=(-0.010,+0.000) (cx=nan, cy=nan)"
388,1776985812.0087461,2026-04-23T23:10:12.008746Z,84.58815050125122,38.41459393501282,COAST,-74.23,-60.02,-0.01,0.0,,,"[COAST] j1=-74.23 j2=-60.02 v=(-0.010,+0.000) (cx=nan, cy=nan)"
