tick,wall_time_unix,wall_time_iso,dt_since_start_s,running,pipeline_fps,frames_processed,detections_total,tracks_active,valid_states_cum,invalid_states_cum,latency_total_ms,latency_detect_ms,latency_track_ms,latency_validate_fuse_ms,tracks_kalman,tracks_ukf,tracks_pf,tracks_adaptive
0,1776986198.6294696,2026-04-23T23:16:38.629470Z,0.18121814727783203,True,25.060757511215332,25950,858,0,4164,85,32.73810300743207,32.65685201040469,0.06054599361959845,0.020705003407783806,0,0,0,0
1,1776986198.8265216,2026-04-23T23:16:38.826522Z,0.37827014923095703,True,25.060757511215332,25955,858,0,4164,85,35.719332008739,35.639169000205584,0.0592030119150877,0.02095999661833048,0,0,0,0
2,1776986199.0341105,2026-04-23T23:16:39.034111Z,0.5858590602874756,True,24.728798861779453,25960,858,0,4164,85,31.399750005220994,31.3060820044484,0.07059500785544515,0.02307299291715026,0,0,0,0
3,1776986199.2321093,2026-04-23T23:16:39.232109Z,0.7838578224182129,True,24.728798861779453,25965,858,0,4164,85,32.17052901163697,32.09270200750325,0.06022599700372666,0.017601007129997015,0,0,0,0
4,1776986199.4458497,2026-04-23T23:16:39.445850Z,0.9975981712341309,True,24.728798861779453,25970,858,0,4164,85,31.965465997927822,31.89087100327015,0.05689800309482962,0.017696991562843323,0,0,0,0
5,1776986199.6348996,2026-04-23T23:16:39.634900Z,1.1866481304168701,True,24.728798861779453,25974,858,0,4164,85,32.515501996385865,32.43988299800549,0.05856200004927814,0.01705699833109975,0,0,0,0
6,1776986199.834472,2026-04-23T23:16:39.834472Z,1.3862204551696777,True,24.728798861779453,25979,858,0,4164,85,32.75903100438882,32.690292995539494,0.05299400072544813,0.015744008123874664,0,0,0,0
7,1776986200.0363562,2026-04-23T23:16:40.036356Z,1.5881047248840332,True,24.728798861779453,25984,858,0,4164,85,31.055993007612415,30.98264599975664,0.054818010539747775,0.018528997316025198,0,0,0,0
8,1776986200.4776156,2026-04-23T23:16:40.477616Z,2.0293641090393066,True,24.728798861779453,25989,858,0,4164,85,32.9892149893567,32.906523993005976,0.06192200817167759,0.020768988179042935,0,0,0,0
9,1776986200.7396336,2026-04-23T23:16:40.739634Z,2.291382074356079,True,24.728798861779453,25995,858,0,4164,85,34.91555800428614,34.839300002204254,0.05929799226578325,0.016960009816102684,0,0,0,0
10,1776986200.9339504,2026-04-23T23:16:40.933950Z,2.485698938369751,True,24.728798861779453,26000,858,0,4164,85,32.85349799261894,32.77128699119203,0.06115400174167007,0.021056999685242772,0,0,0,0
11,1776986201.127209,2026-04-23T23:16:41.127209Z,2.678957462310791,True,20.92585430532489,26004,858,0,4164,85,30.320892998133786,30.227032999391668,0.07417899905703962,0.01968099968507886,0,0,0,0
12,1776986201.332185,2026-04-23T23:16:41.332185Z,2.8839335441589355,True,20.92585430532489,26009,858,0,4164,85,34.507415010011755,34.42434000317007,0.06352300988510251,0.019551996956579387,0,0,0,0
13,1776986201.5404599,2026-04-23T23:16:41.540460Z,3.0922083854675293,True,20.92585430532489,26014,858,0,4164,85,35.57794999505859,35.496314987540245,0.061570011894218624,0.020064995624125004,0,0,0,0
14,1776986201.7297316,2026-04-23T23:16:41.729732Z,3.281480073928833,True,20.92585430532489,26019,858,0,4164,85,33.600758004467934,33.52613099559676,0.05497800884768367,0.01964900002349168,0,0,0,0
15,1776986201.9242928,2026-04-23T23:16:41.924293Z,3.476041316986084,True,20.92585430532489,26023,858,0,4164,85,32.53956699336413,32.461451992276125,0.05760199564974755,0.020513005438260734,0,0,0,0
16,1776986202.128381,2026-04-23T23:16:42.128381Z,3.6801295280456543,True,20.92585430532489,26028,858,0,4164,85,31.66039800271392,31.58196300501004,0.059906000387854874,0.018528997316025198,0,0,0,0
17,1776986202.3303502,2026-04-23T23:16:42.330350Z,3.88209867477417,True,20.92585430532489,26033,858,0,4164,85,34.35797001293395,34.28555100981612,0.052193994633853436,0.020225008483976126,0,0,0,0
18,1776986202.543779,2026-04-23T23:16:42.543779Z,4.095527410507202,True,20.92585430532489,26038,858,0,4164,85,34.54642399447039,34.457332993042655,0.06742600817233324,0.021664993255399168,0,0,0,0
19,1776986202.7424095,2026-04-23T23:16:42.742409Z,4.294157981872559,True,20.92585430532489,26043,858,0,4164,85,31.341378009528853,31.271647007088177,0.05305800004862249,0.016673002392053604,0,0,0,0
20,1776986202.9438035,2026-04-23T23:16:42.943804Z,4.495552062988281,True,20.92585430532489,26048,858,0,4164,85,32.815320999361575,32.73858199827373,0.0567379902349785,0.020001010852865875,0,0,0,0
21,1776986203.1484807,2026-04-23T23:16:43.148481Z,4.700229167938232,True,23.99568378468848,26053,858,0,4164,85,30.09822900639847,30.021842001588084,0.058721998357214034,0.017665006453171372,0,0,0,0
22,1776986203.4305673,2026-04-23T23:16:43.430567Z,4.9823157787323,True,23.99568378468848,26060,858,0,4164,85,32.05884499766398,31.985977999283932,0.05488200986292213,0.01798498851712793,0,0,0,0
23,1776986203.641122,2026-04-23T23:16:43.641122Z,5.192870616912842,True,23.99568378468848,26065,858,0,4164,85,34.024676991975866,33.949441989534535,0.05760201020166278,0.017632992239668965,0,0,0,0
24,1776986203.8301454,2026-04-23T23:16:43.830145Z,5.381893873214722,True,23.99568378468848,26069,858,0,4164,85,34.68057299323846,34.60284200264141,0.05792199226561934,0.019808998331427574,0,0,0,0
25,1776986204.0526285,2026-04-23T23:16:44.052629Z,5.604377031326294,True,23.99568378468848,26075,858,0,4164,85,32.58446398831438,32.516301987925544,0.0505940115544945,0.01756798883434385,0,0,0,0
26,1776986204.3361127,2026-04-23T23:16:44.336113Z,5.887861251831055,True,23.99568378468848,26081,858,0,4164,85,31.838484006584622,31.759250006871298,0.0578259932808578,0.02140800643246621,0,0,0,0
27,1776986204.535223,2026-04-23T23:16:44.535223Z,6.0869715213775635,True,23.99568378468848,26086,858,0,4164,85,33.260169002460316,33.17555801186245,0.06416199903469533,0.02044899156317115,0,0,0,0
28,1776986204.7323632,2026-04-23T23:16:44.732363Z,6.284111738204956,True,23.99568378468848,26091,858,0,4164,85,31.23362999758683,31.111641001189128,0.10089999705087394,0.02108899934682995,0,0,0,0
29,1776986204.938512,2026-04-23T23:16:44.938512Z,6.490260601043701,True,23.99568378468848,26096,858,0,4164,85,32.12371100380551,32.048731998656876,0.056321994634345174,0.01865701051428914,0,0,0,0
30,1776986205.141565,2026-04-23T23:16:45.141565Z,6.6933135986328125,True,24.02327507628806,26100,858,0,4164,85,32.142815995030105,32.062749000033364,0.059394005802460015,0.0206729891942814,0,0,0,0
31,1776986205.3377106,2026-04-23T23:16:45.337711Z,6.889459133148193,True,24.02327507628806,26105,858,0,4164,85,33.64002300077118,33.55720400577411,0.06237000343389809,0.02044899156317115,0,0,0,0
32,1776986205.7668514,2026-04-23T23:16:45.766851Z,7.3185999393463135,True,24.02327507628806,26115,858,0,4164,85,32.72568499960471,32.64309000223875,0.062498991610482335,0.020096005755476654,0,0,0,0
33,1776986206.1035457,2026-04-23T23:16:46.103546Z,7.655294179916382,True,24.02327507628806,26124,858,0,4164,85,34.18778700870462,34.10708000592422,0.06000199937261641,0.020705003407783806,0,0,0,0
34,1776986206.357286,2026-04-23T23:16:46.357286Z,7.909034490585327,True,24.02327507628806,26129,858,0,4164,85,36.64150999975391,36.55843400338199,0.06144300277810544,0.02163299359381199,0,0,0,0
35,1776986206.663269,2026-04-23T23:16:46.663269Z,8.215017557144165,True,24.02327507628806,26136,861,4,4166,87,52.260932003264315,42.10526200768072,9.767847994226031,0.38782200135756284,1,1,1,1
36,1776986206.9665656,2026-04-23T23:16:46.966566Z,8.518314123153687,True,24.02327507628806,26141,866,4,4186,87,44.85611600102857,34.43157199944835,10.118613005033694,0.3059309965465218,1,1,1,1
37,1776986207.262048,2026-04-23T23:16:47.262048Z,8.813796520233154,True,21.986643322185294,26147,870,4,4210,87,42.62140899663791,33.236264003789984,9.089550992939621,0.2955939999083057,1,1,1,1
38,1776986207.5328603,2026-04-23T23:16:47.532860Z,9.084608793258667,True,21.986643322185294,26152,874,5,4230,87,48.78186000860296,36.72608800115995,11.759536995668896,0.29623501177411526,1,1,2,1
39,1776986207.7520638,2026-04-23T23:16:47.752064Z,9.303812265396118,True,21.986643322185294,26155,874,5,4241,88,45.328004998737015,33.13577998778783,11.818963001132943,0.37326200981624424,1,1,2,1
40,1776986208.0601668,2026-04-23T23:16:48.060167Z,9.611915349960327,True,21.986643322185294,26161,877,4,4252,92,46.11113699502312,34.62610598944593,11.149819009006023,0.33521199657116085,1,1,1,1
41,1776986208.3413217,2026-04-23T23:16:48.341322Z,9.893070220947266,True,21.986643322185294,26166,880,4,4272,92,48.249872008454986,37.98136601108126,9.94074999471195,0.3277560026617721,1,1,1,1
42,1776986208.541582,2026-04-23T23:16:48.541582Z,10.09333062171936,True,21.986643322185294,26170,880,4,4288,92,39.40849000355229,32.273411998176016,6.925502995727584,0.20957500964868814,1,1,1,1
43,1776986208.7356246,2026-04-23T23:16:48.735625Z,10.287373065948486,True,21.986643322185294,26174,880,1,4295,92,37.74206098751165,32.137694986886345,5.439528002170846,0.164837998454459,0,0,1,0
44,1776986208.9381375,2026-04-23T23:16:48.938138Z,10.489886045455933,True,21.986643322185294,26179,881,4,4295,92,38.23027100588661,33.25860000040848,4.952310002408922,0.019361003069207072,1,1,1,1
45,1776986209.1403508,2026-04-23T23:16:49.140351Z,10.692099332809448,True,21.986643322185294,26183,883,8,4295,92,47.08973401284311,34.01344400481321,13.053249000222422,0.02304100780747831,2,2,2,2
46,1776986209.3404675,2026-04-23T23:16:49.340467Z,10.892215967178345,True,19.006593950018903,26186,884,5,4305,94,44.364608998876065,33.44372699211817,10.708426008932292,0.2124559978256002,1,1,2,1
47,1776986209.539551,2026-04-23T23:16:49.539551Z,11.091299533843994,True,19.006593950018903,26190,884,1,4318,94,40.247337994514965,33.50504099216778,6.618259998504072,0.12403700384311378,0,0,1,0
48,1776986209.726763,2026-04-23T23:16:49.726763Z,11.27851152420044,True,19.006593950018903,26194,884,0,4320,94,32.25059500255156,32.16380800586194,0.06624299567192793,0.020544001017697155,0,0,0,0
49,1776986209.936502,2026-04-23T23:16:49.936502Z,11.488250494003296,True,19.006593950018903,26199,884,0,4320,94,35.61174300557468,35.53199600719381,0.05923399294260889,0.020513005438260734,0,0,0,0
50,1776986210.1282923,2026-04-23T23:16:50.128292Z,11.680040836334229,True,19.006593950018903,26204,884,0,4320,94,32.71038799721282,32.62065599847119,0.06624301022384316,0.023488988517783582,0,0,0,0
51,1776986210.3335545,2026-04-23T23:16:50.333555Z,11.885303020477295,True,19.006593950018903,26209,884,0,4320,94,32.18870499404147,32.10111700173002,0.06617899634875357,0.021408995962701738,0,0,0,0
52,1776986210.5705872,2026-04-23T23:16:50.570587Z,12.12233567237854,True,19.006593950018903,26214,884,0,4320,94,32.24957099882886,32.16870399774052,0.060161997680552304,0.020705003407783806,0,0,0,0
53,1776986210.8290765,2026-04-23T23:16:50.829077Z,12.38082504272461,True,19.006593950018903,26221,884,0,4320,94,31.234045993187465,31.156315002590418,0.06000199937261641,0.0177289912244305,0,0,0,0
54,1776986211.121996,2026-04-23T23:16:51.121996Z,12.673744440078735,True,19.006593950018903,26226,889,4,4330,96,48.941770000965334,37.969590004649945,10.642790992278606,0.32938900403678417,1,1,1,1
55,1776986211.3345847,2026-04-23T23:16:51.334585Z,12.886333227157593,True,21.944126058996428,26230,891,4,4346,96,41.551288988557644,34.85404999810271,6.502352000097744,0.19488699035719037,1,1,1,1
56,1776986211.5626316,2026-04-23T23:16:51.562632Z,13.114380121231079,True,21.944126058996428,26234,892,5,4359,96,44.917300998349674,33.861118005006574,10.906832991167903,0.149350002175197,1,1,2,1
57,1776986211.838398,2026-04-23T23:16:51.838398Z,13.390146493911743,True,21.944126058996428,26239,894,4,4375,98,40.20381599548273,33.302217998425476,6.698421988403425,0.203176008653827,1,1,1,1
58,1776986212.063281,2026-04-23T23:16:52.063281Z,13.615029573440552,True,21.944126058996428,26243,898,5,4391,100,52.496299002086744,36.39906700118445,15.763364004669711,0.3338679962325841,1,1,2,1
59,1776986212.3629236,2026-04-23T23:16:52.362924Z,13.914672136306763,True,21.944126058996428,26247,901,4,4408,100,47.587990993633866,37.75598100037314,9.502269997028634,0.3297399962320924,1,1,1,1
60,1776986212.6803718,2026-04-23T23:16:52.680372Z,14.232120275497437,True,21.944126058996428,26253,905,9,4431,102,58.52785000752192,35.33576500194613,22.799206999479793,0.392878006095998,2,2,3,2
61,1776986212.951593,2026-04-23T23:16:52.951593Z,14.503341436386108,True,21.944126058996428,26257,905,5,4449,102,50.38655799580738,35.584765006206,14.598169000237249,0.20362398936413229,1,1,2,1
62,1776986213.270988,2026-04-23T23:16:53.270988Z,14.822736501693726,True,17.286329010867142,26263,908,4,4462,104,37.20520899514668,30.174838000675663,6.7870979983126745,0.24327299615833908,1,1,1,1
63,1776986213.5334299,2026-04-23T23:16:53.533430Z,15.08517837524414,True,17.286329010867142,26268,913,7,4488,105,54.974439000943676,39.47207699820865,15.033000992843881,0.46936100989114493,2,1,2,2
64,1776986213.7609324,2026-04-23T23:16:53.760932Z,15.312680959701538,True,17.286329010867142,26271,916,5,4504,105,53.14864299725741,36.76624900253955,16.072878992417827,0.3095150023000315,1,1,2,1
65,1776986214.0514069,2026-04-23T23:16:54.051407Z,15.603155374526978,True,17.286329010867142,26276,920,5,4528,105,46.325768998940475,33.0930259951856,13.00620699475985,0.22653600899502635,1,1,2,1
66,1776986214.333015,2026-04-23T23:16:54.333015Z,15.884763479232788,True,17.286329010867142,26282,920,1,4548,105,39.09302200190723,33.62008499971125,5.309954998665489,0.16298200353048742,0,0,1,0
67,1776986214.535735,2026-04-23T23:16:54.535735Z,16.087483406066895,True,17.286329010867142,26286,920,0,4549,105,37.85880099167116,37.767052999697626,0.07043499499559402,0.021312996977940202,0,0,0,0
68,1776986214.7302406,2026-04-23T23:16:54.730241Z,16.281989097595215,True,17.286329010867142,26290,923,4,4556,106,38.567659008549526,32.00194600503892,6.373162003001198,0.1925510005094111,1,1,1,1
69,1776986214.930528,2026-04-23T23:16:54.930528Z,16.482276439666748,True,17.286329010867142,26294,924,5,4572,106,46.025948991882615,33.179620004375465,12.552973988931626,0.2933549985755235,1,1,2,1
70,1776986215.1229217,2026-04-23T23:16:55.122922Z,16.674670219421387,True,17.286329010867142,26297,924,5,4583,107,41.611067004851066,30.405694007640705,10.906162002356723,0.2992109948536381,1,1,2,1
71,1776986215.3291526,2026-04-23T23:16:55.329153Z,16.880901098251343,True,18.398678617784125,26301,925,5,4588,108,41.83657899557147,33.7055279960623,8.111114002531394,0.01993699697777629,1,1,2,1
72,1776986215.562991,2026-04-23T23:16:55.562991Z,17.114739418029785,True,18.398678617784125,26305,929,4,4598,110,46.589106001192704,35.91488899837714,10.372670003562234,0.3015469992533326,1,1,1,1
73,1776986215.8366215,2026-04-23T23:16:55.836622Z,17.388370037078857,True,18.398678617784125,26310,934,4,4618,110,44.949620991246775,35.74467399448622,8.886438998160884,0.3185079985996708,1,1,1,1
74,1776986216.0420883,2026-04-23T23:16:56.042088Z,17.593836784362793,True,18.398678617784125,26314,934,4,4634,110,40.233735999208875,32.13794999464881,7.897634000983089,0.19815200357697904,1,1,1,1
75,1776986216.2562797,2026-04-23T23:16:56.256280Z,17.80802822113037,True,18.398678617784125,26319,934,0,4641,110,39.91193199180998,35.51487399090547,4.372449009679258,0.024608991225250065,0,0,0,0
76,1776986216.5567062,2026-04-23T23:16:56.556706Z,18.108454704284668,True,18.398678617784125,26324,938,4,4647,112,47.651319997385144,37.37308600102551,9.945933998096734,0.33229999826289713,1,1,1,1
77,1776986216.840742,2026-04-23T23:16:56.840742Z,18.39249062538147,True,18.398678617784125,26330,940,4,4671,112,44.239546987228096,37.28655599115882,6.754743997589685,0.19824699847958982,1,1,1,1
78,1776986217.0396655,2026-04-23T23:16:57.039665Z,18.591413974761963,True,18.398678617784125,26334,941,4,4678,112,44.812912004999816,36.810090008657426,7.8374080039793625,0.16541399236302823,1,1,1,1
79,1776986217.2312,2026-04-23T23:16:57.231200Z,18.78294849395752,True,18.398678617784125,26337,944,4,4685,114,50.433662996510975,38.59732300043106,11.356802002410404,0.4795379936695099,1,1,1,1
80,1776986217.4489846,2026-04-23T23:16:57.448985Z,19.000733137130737,True,18.909763594070597,26342,945,4,4705,114,40.008960000704974,32.064539002021775,7.743132999166846,0.201287999516353,1,1,1,1
81,1776986217.7302523,2026-04-23T23:16:57.730252Z,19.28200078010559,True,18.909763594070597,26347,947,4,4725,114,37.29855599522125,30.415262997848913,6.675540993455797,0.20775200391653925,1,1,1,1
82,1776986217.936373,2026-04-23T23:16:57.936373Z,19.488121509552002,True,18.909763594070597,26351,950,4,4741,114,48.69795100239571,38.32653000426944,10.080370993819088,0.29105000430718064,1,1,1,1
83,1776986218.1294093,2026-04-23T23:16:58.129409Z,19.68115782737732,True,18.909763594070597,26354,953,4,4753,114,45.54321100295056,35.75744299450889,9.456027997657657,0.3297400107840076,1,1,1,1
84,1776986218.3406997,2026-04-23T23:16:58.340700Z,19.89244818687439,True,18.909763594070597,26358,953,4,4769,114,42.024105991004035,35.12954799225554,6.695702002616599,0.19885599613189697,1,1,1,1
85,1776986218.5625808,2026-04-23T23:16:58.562581Z,20.11432933807373,True,18.909763594070597,26362,955,5,4776,114,50.0991540029645,35.218031000113115,14.769663001061417,0.11146000178996474,1,1,2,1
86,1776986218.8412616,2026-04-23T23:16:58.841262Z,20.393010139465332,True,18.909763594070597,26367,959,4,4790,116,47.03958600293845,36.97031999763567,9.773319005034864,0.2959470002679154,1,1,1,1
87,1776986219.115341,2026-04-23T23:16:59.115341Z,20.667089462280273,True,18.909763594070597,26373,960,4,4814,116,42.73792299500201,34.278443999937735,8.246255005360581,0.2132239897036925,1,1,1,1
88,1776986219.3302338,2026-04-23T23:16:59.330234Z,20.88198232650757,True,18.983536573818384,26377,961,4,4818,116,42.92676199111156,34.61045699077658,8.130859001539648,0.18544599879533052,1,1,1,1
89,1776986219.554886,2026-04-23T23:16:59.554886Z,21.106634616851807,True,18.983536573818384,26382,961,4,4823,116,37.273146997904405,30.931569999665953,6.22086800285615,0.12070899538230151,1,1,1,1
90,1776986219.8429275,2026-04-23T23:16:59.842927Z,21.394675970077515,True,18.983536573818384,26388,961,0,4826,116,35.371253004996106,35.29528201033827,0.056769989896565676,0.01920100476127118,0,0,0,0
91,1776986220.038761,2026-04-23T23:17:00.038761Z,21.59050941467285,True,18.983536573818384,26393,961,0,4826,116,32.046651002019644,31.959415005985647,0.06569900142494589,0.021536994609050453,0,0,0,0
92,1776986220.243962,2026-04-23T23:17:00.243962Z,21.795710563659668,True,18.983536573818384,26398,961,0,4826,116,32.335876996512525,32.26067499781493,0.05545800377149135,0.01974399492610246,0,0,0,0
93,1776986220.4856253,2026-04-23T23:17:00.485625Z,22.037373781204224,True,18.983536573818384,26404,961,0,4826,116,31.730766990222037,31.658155989134684,0.054593998356722295,0.018017002730630338,0,0,0,0
94,1776986220.7425804,2026-04-23T23:17:00.742580Z,22.294328927993774,True,18.983536573818384,26410,961,0,4826,116,31.785808998392895,31.70100599527359,0.0631059956504032,0.021697007468901575,0,0,0,0
95,1776986220.926726,2026-04-23T23:17:00.926726Z,22.478474617004395,True,18.983536573818384,26414,961,0,4826,116,35.26539199810941,35.18647700548172,0.058945995988324285,0.019968996639363468,0,0,0,0
96,1776986221.146146,2026-04-23T23:17:01.146146Z,22.69789457321167,True,18.983536573818384,26419,963,8,4826,116,44.952181007829495,35.69571200932842,9.236307989340276,0.02016100916080177,2,2,2,2
97,1776986221.3497975,2026-04-23T23:17:01.349797Z,22.901546001434326,True,22.46634513552667,26422,963,8,4826,116,41.95312700176146,31.419427003129385,10.511810993193649,0.021889005438424647,2,2,2,2
98,1776986221.627052,2026-04-23T23:17:01.627052Z,23.178800582885742,True,22.46634513552667,26427,965,4,4832,118,38.15023400238715,31.361089000711218,6.5885939984582365,0.20055100321769714,1,1,1,1
99,1776986221.8489616,2026-04-23T23:17:01.848962Z,23.400710105895996,True,22.46634513552667,26432,966,4,4852,118,38.921143001061864,31.96386300260201,6.753145004040562,0.20413499441929162,1,1,1,1
100,1776986222.1452565,2026-04-23T23:17:02.145257Z,23.697005033493042,True,22.46634513552667,26438,967,4,4864,118,39.25433900440112,32.14806200412568,6.991713002207689,0.11456399806775153,1,1,1,1
101,1776986222.3448186,2026-04-23T23:17:02.344819Z,23.89656710624695,True,22.46634513552667,26442,967,1,4868,118,38.14930601220112,32.69902600732166,5.282145997625776,0.1681340072536841,0,0,1,0
102,1776986222.5444963,2026-04-23T23:17:02.544496Z,24.09624481201172,True,22.46634513552667,26445,969,8,4871,118,51.13227899710182,39.255394993233494,11.75060799869243,0.126276005175896,2,2,2,2
103,1776986222.7422316,2026-04-23T23:17:02.742232Z,24.29398012161255,True,22.46634513552667,26449,969,5,4875,118,48.323473005439155,36.75885600387119,11.454788997070864,0.1098280044971034,1,1,2,1
104,1776986222.936828,2026-04-23T23:17:02.936828Z,24.488576412200928,True,22.46634513552667,26453,969,1,4877,118,35.81139599555172,31.794928989256732,3.9910900086397305,0.025376997655257583,0,0,1,0
105,1776986223.147108,2026-04-23T23:17:03.147108Z,24.698856592178345,True,22.46634513552667,26458,969,0,4877,118,31.02770099940244,30.944754005759023,0.061793994973413646,0.021152998670004308,0,0,0,0
106,1776986223.3345582,2026-04-23T23:17:03.334558Z,24.886306762695312,True,19.755774341727985,26462,969,0,4877,118,33.43690899782814,33.35172199876979,0.06365000444930047,0.021536994609050453,0,0,0,0
107,1776986223.5398567,2026-04-23T23:17:03.539857Z,25.091605186462402,True,19.755774341727985,26466,971,4,4877,118,43.485183006851,33.57025800505653,9.8913719994016,0.023553002392873168,1,1,1,1
108,1776986223.725744,2026-04-23T23:17:03.725744Z,25.27749252319336,True,19.755774341727985,26470,972,8,4877,118,49.27608300931752,39.49905101035256,9.754246988450177,0.02278501051478088,2,2,2,2
109,1776986223.940455,2026-04-23T23:17:03.940455Z,25.4922034740448,True,19.755774341727985,26474,972,5,4877,118,45.283585001016036,36.58233699388802,8.680191007442772,0.021056999685242772,1,1,2,1
110,1776986224.1322188,2026-04-23T23:17:04.132219Z,25.683967351913452,True,19.755774341727985,26478,974,4,4878,118,45.15452300256584,36.214771011145785,8.816003988613375,0.12374800280667841,1,1,1,1
111,1776986224.3322117,2026-04-23T23:17:04.332212Z,25.883960247039795,True,19.755774341727985,26482,974,4,4882,118,37.79025199764874,30.973137996625155,6.684566003968939,0.13254799705464393,1,1,1,1
112,1776986224.5489311,2026-04-23T23:17:04.548931Z,26.100679636001587,True,19.755774341727985,26486,976,5,4886,118,42.71673799667042,32.50676300376654,10.095250996528193,0.11472399637568742,1,1,2,1
113,1776986224.8540585,2026-04-23T23:17:04.854059Z,26.40580701828003,True,19.755774341727985,26491,977,5,4886,118,43.57325000455603,34.566165995784104,8.987755005364306,0.019329003407619894,1,1,2,1
114,1776986225.1387618,2026-04-23T23:17:05.138762Z,26.690510272979736,True,19.755774341727985,26498,978,4,4886,118,44.77146999852266,36.25019699393306,8.49618400388863,0.025089000700972974,1,1,1,1
115,1776986225.328529,2026-04-23T23:17:05.328529Z,26.880277395248413,True,19.755774341727985,26501,981,4,4892,120,43.694981999578886,33.943583999644034,9.4769559946144,0.27444200532045215,1,1,1,1
116,1776986225.544731,2026-04-23T23:17:05.544731Z,27.096479415893555,True,19.66080998400507,26505,984,4,4908,120,39.33027700986713,32.29501000896562,6.834107989561744,0.20115901133976877,1,1,1,1
117,1776986225.7444794,2026-04-23T23:17:05.744479Z,27.29622793197632,True,19.66080998400507,26509,984,4,4924,120,40.27962399413809,33.150913994177245,6.930015006219037,0.19869499374181032,1,1,1,1
118,1776986225.9301484,2026-04-23T23:17:05.930148Z,27.48189687728882,True,19.66080998400507,26513,985,4,4932,120,44.83841599721927,37.23852000257466,7.344461992033757,0.2554340026108548,1,1,1,1
119,1776986226.136626,2026-04-23T23:17:06.136626Z,27.688374519348145,True,19.66080998400507,26516,988,5,4940,121,52.62423800013494,34.800894994987175,17.505219002487138,0.3181240026606247,1,1,2,1
120,1776986226.3515,2026-04-23T23:17:06.351500Z,27.90324854850769,True,19.66080998400507,26520,991,4,4958,121,39.09273199678864,32.18140600074548,6.71723899722565,0.1940869988175109,1,1,1,1
121,1776986226.6282248,2026-04-23T23:17:06.628225Z,28.179973363876343,True,19.66080998400507,26525,996,4,4978,121,44.85118400771171,34.54942900862079,9.991696002543904,0.3100589965470135,1,1,1,1
122,1776986226.828779,2026-04-23T23:17:06.828779Z,28.38052749633789,True,19.66080998400507,26528,999,8,4992,123,53.974080001353286,37.25036099785939,16.285527002764866,0.43819200072903186,2,2,2,2
123,1776986227.0496335,2026-04-23T23:17:07.049634Z,28.60138201713562,True,19.66080998400507,26531,1002,8,5016,123,51.24991499178577,33.5400479962118,17.29279599385336,0.41707100172061473,2,2,2,2
124,1776986227.3480887,2026-04-23T23:17:07.348089Z,28.899837255477905,True,19.66080998400507,26536,1006,8,5057,123,49.21844901400618,31.747823013574816,17.112628993345425,0.35799700708594173,2,1,3,2
125,1776986227.5361764,2026-04-23T23:17:07.536176Z,29.08792495727539,True,17.307710173988887,26539,1006,5,5072,124,50.708167007542215,33.933726997929625,16.48114901036024,0.29329099925234914,1,1,2,1
126,1776986227.7596645,2026-04-23T23:17:07.759665Z,29.311413049697876,True,17.307710173988887,26543,1008,5,5076,125,48.27230199589394,35.79110698774457,12.457002012524754,0.024192995624616742,1,1,2,1
127,1776986228.0238729,2026-04-23T23:17:08.023873Z,29.575621366500854,True,17.307710173988887,26548,1009,8,5076,125,43.43855599290691,32.857176003744826,10.55929998983629,0.022079999325796962,2,2,2,2
128,1776986228.2414548,2026-04-23T23:17:08.241455Z,29.793203353881836,True,17.307710173988887,26552,1010,4,5076,125,52.35037099919282,37.95592200185638,14.372367993928492,0.02208100340794772,1,1,1,1
129,1776986228.4373507,2026-04-23T23:17:08.437351Z,29.989099264144897,True,17.307710173988887,26556,1014,8,5088,126,49.10862100950908,34.258890998899005,14.66095499927178,0.18877501133829355,2,2,2,2
130,1776986228.647912,2026-04-23T23:17:08.647912Z,30.199660539627075,True,17.307710173988887,26559,1015,8,5110,128,45.297119999304414,32.86562299763318,12.109149000025354,0.32234800164587796,2,2,2,2
131,1776986228.8394234,2026-04-23T23:17:08.839423Z,30.39117193222046,True,17.307710173988887,26563,1015,1,5126,128,45.23151800094638,33.04726201167796,12.050746998284012,0.13350899098441005,0,0,1,0
132,1776986229.045236,2026-04-23T23:17:09.045236Z,30.59698462486267,True,17.307710173988887,26567,1017,4,5129,129,44.590246994630434,35.44501500437036,8.989737994852476,0.15549399540759623,1,1,1,1
133,1776986229.2372677,2026-04-23T23:17:09.237268Z,30.789016246795654,True,17.307710173988887,26570,1017,4,5132,129,45.52359199442435,34.39470300509129,10.761611993075348,0.3672769962577149,1,1,1,1
134,1776986229.4626687,2026-04-23T23:17:09.462669Z,31.01441717147827,True,18.30361047218331,26575,1018,4,5151,130,44.54931599320844,36.54591798840556,7.446962001267821,0.5564360035350546,1,1,1,1
135,1776986229.7495632,2026-04-23T23:17:09.749563Z,31.3013117313385,True,18.30361047218331,26581,1019,4,5158,130,37.57222800049931,32.59383700788021,4.9566300003789365,0.021760992240160704,1,1,1,1
136,1776986230.0324457,2026-04-23T23:17:10.032446Z,31.58419418334961,True,18.30361047218331,26587,1019,1,5158,130,35.41362099349499,31.45632399537135,3.938641006243415,0.018655991880223155,0,0,1,0
137,1776986230.2249486,2026-04-23T23:17:10.224949Z,31.776697158813477,True,18.30361047218331,26591,1020,4,5158,130,38.9925039926311,34.766429002047516,4.203930002404377,0.022144988179206848,1,1,1,1
138,1776986230.4936519,2026-04-23T23:17:10.493652Z,32.04540038108826,True,18.30361047218331,26596,1025,8,5169,131,49.508793992572464,35.12730599322822,14.103270004852675,0.2782179944915697,2,2,2,2
139,1776986230.7866387,2026-04-23T23:17:10.786639Z,32.33838725090027,True,18.30361047218331,26600,1029,9,5187,132,50.07911899883766,33.121183994808234,16.703077999409288,0.25485700462013483,2,2,3,2
140,1776986231.0830142,2026-04-23T23:17:11.083014Z,32.63476276397705,True,18.30361047218331,26606,1029,2,5206,135,42.75792199769057,32.2022710024612,10.420093996799551,0.13555699842981994,0,0,2,0
141,1776986231.413388,2026-04-23T23:17:11.413388Z,32.96513652801514,True,18.30361047218331,26611,1032,8,5209,135,42.41029400145635,30.945200007408857,11.297502991510555,0.1675910025369376,2,2,2,2
142,1776986231.657299,2026-04-23T23:17:11.657299Z,33.20904755592346,True,18.926961658689113,26615,1036,9,5220,136,54.11926700617187,34.47733000211883,19.26374700269662,0.37819000135641545,2,2,3,2
143,1776986231.954716,2026-04-23T23:17:11.954716Z,33.50646448135376,True,18.926961658689113,26620,1041,15,5242,136,55.65484400722198,34.367950007435866,20.996834995457903,0.29005900432821363,4,3,4,4
144,1776986232.2520854,2026-04-23T23:17:12.252085Z,33.803833961486816,True,18.926961658689113,26624,1046,16,5260,139,77.22181199642364,38.58160899835639,38.076534008723684,0.5636689893435687,4,3,5,4
145,1776986232.5636792,2026-04-23T23:17:12.563679Z,34.11542773246765,True,18.926961658689113,26628,1047,11,5293,142,53.16966499958653,31.840593001106754,21.02109200495761,0.3079799935221672,3,2,3,3
146,1776986232.895198,2026-04-23T23:17:12.895198Z,34.44694662094116,True,18.926961658689113,26632,1049,6,5310,142,55.793473002268,35.95588100142777,19.60023900028318,0.2373530005570501,1,1,3,1
147,1776986233.1479065,2026-04-23T23:17:13.147907Z,34.699655055999756,True,18.926961658689113,26638,1051,8,5317,143,48.89267600083258,34.509491990320385,14.218826006981544,0.16435800353065133,2,2,2,2
148,1776986233.340748,2026-04-23T23:17:13.340748Z,34.89249658584595,True,18.926961658689113,26641,1051,5,5323,143,45.42432399466634,34.07641999365296,11.19013900461141,0.15776499640196562,1,1,2,1
149,1776986233.536364,2026-04-23T23:17:13.536364Z,35.088112592697144,True,15.463760130357421,26645,1052,5,5327,143,49.681343996780924,38.36707299342379,11.17497000086587,0.13930100249126554,1,1,2,1
150,1776986233.746602,2026-04-23T23:17:13.746602Z,35.29835057258606,True,15.463760130357421,26649,1053,8,5328,143,42.29592099727597,32.61559800012037,9.658562004915439,0.021760992240160704,2,2,2,2
151,1776986233.941691,2026-04-23T23:17:13.941691Z,35.49343943595886,True,15.463760130357421,26652,1054,6,5328,143,46.79330199724063,33.440428000176325,13.330089001101442,0.02278499596286565,1,1,3,1
152,1776986234.1372461,2026-04-23T23:17:14.137246Z,35.68899464607239,True,15.463760130357421,26656,1055,4,5328,143,42.349459006800316,37.13538000010885,5.19250999786891,0.02156900882255286,1,1,1,1
153,1776986234.3311753,2026-04-23T23:17:14.331175Z,35.88292384147644,True,15.463760130357421,26659,1057,8,5328,143,56.31787600577809,43.90977199363988,12.383879002300091,0.02422500983811915,2,2,2,2
154,1776986234.5446603,2026-04-23T23:17:14.544660Z,36.09640884399414,True,15.463760130357421,26663,1058,9,5328,143,48.80646399396937,34.88380899943877,13.89954998739995,0.023105007130652666,2,2,3,2
155,1776986234.7239318,2026-04-23T23:17:14.723932Z,36.27568030357361,True,15.463760130357421,26666,1061,5,5335,144,49.49928900168743,34.98720400966704,13.484559996868484,1.0275249951519072,1,1,2,1
156,1776986234.933789,2026-04-23T23:17:14.933789Z,36.4855375289917,True,15.463760130357421,26670,1062,5,5351,144,48.3270859986078,36.12830200290773,12.000857008388266,0.1979269873118028,1,1,2,1
157,1776986235.1500015,2026-04-23T23:17:15.150002Z,36.70175004005432,True,15.463760130357421,26674,1062,2,5364,144,49.415893998229876,38.23759600345511,11.023571991245262,0.15472600352950394,0,0,2,0
158,1776986235.4648674,2026-04-23T23:17:15.464867Z,37.016615867614746,True,15.463760130357421,26680,1062,0,5364,144,30.68730300583411,30.596836004406214,0.06889799260534346,0.02156900882255286,0,0,0,0
159,1776986235.7367227,2026-04-23T23:17:15.736723Z,37.28847122192383,True,18.808089776476887,26687,1062,0,5364,144,36.6017920023296,36.522812995826825,0.05952200444880873,0.01945700205396861,0,0,0,0
160,1776986235.9360516,2026-04-23T23:17:15.936052Z,37.48780012130737,True,18.808089776476887,26692,1062,0,5364,144,30.310008995002136,30.22901399526745,0.06022599700372666,0.020769002730958164,0,0,0,0
161,1776986236.131796,2026-04-23T23:17:16.131796Z,37.683544397354126,True,18.808089776476887,26696,1064,4,5364,144,36.82692001166288,31.774798000697047,5.031321008573286,0.020801002392545342,1,1,1,1
162,1776986236.3960655,2026-04-23T23:17:16.396065Z,37.947813987731934,True,18.808089776476887,26702,1064,1,5364,144,34.0826269966783,29.919081993284635,4.141241006436758,0.022303996956907213,0,0,1,0
163,1776986236.6322517,2026-04-23T23:17:16.632252Z,38.18400025367737,True,18.808089776476887,26707,1064,0,5364,144,32.84763799456414,32.758898989413865,0.06758600648026913,0.021152998670004308,0,0,0,0
164,1776986236.8424308,2026-04-23T23:17:16.842431Z,38.394179344177246,True,18.808089776476887,26712,1065,4,5364,144,36.397720003151335,31.32575799827464,5.052121006883681,0.019840997993014753,1,1,1,1
165,1776986237.0394156,2026-04-23T23:17:17.039416Z,38.591164112091064,True,18.808089776476887,26716,1065,1,5364,144,39.37766900344286,35.35259400086943,4.003283000201918,0.021792002371512353,0,0,1,0
166,1776986237.2317593,2026-04-23T23:17:17.231759Z,38.78350782394409,True,18.808089776476887,26720,1065,0,5364,144,32.458663001307286,32.384965001256205,0.05654600681737065,0.017151993233710527,0,0,0,0
167,1776986237.4474604,2026-04-23T23:17:17.447460Z,38.99920892715454,True,18.808089776476887,26725,1065,0,5364,144,37.31906600296497,37.23720699781552,0.0616020115558058,0.020256993593648076,0,0,0,0
168,1776986237.711891,2026-04-23T23:17:17.711891Z,39.26363945007324,True,22.241874550212994,26731,1066,4,5364,144,36.91303500090726,31.88078699167818,5.009528002119623,0.022720007109455764,1,1,1,1
169,1776986237.9364705,2026-04-23T23:17:17.936471Z,39.488219022750854,True,22.241874550212994,26735,1068,4,5364,144,52.25631799839903,40.887037001084536,11.347551990184002,0.021729007130488753,1,1,1,1
170,1776986238.130297,2026-04-23T23:17:18.130297Z,39.682045459747314,True,22.241874550212994,26739,1072,4,5379,145,43.94554899772629,34.888192007201724,8.74073700106237,0.3166199894621968,1,1,1,1
171,1776986238.3457744,2026-04-23T23:17:18.345774Z,39.897522926330566,True,22.241874550212994,26742,1075,4,5391,145,44.970289993216284,34.872256001108326,9.776357997907326,0.321675994200632,1,1,1,1
172,1776986238.5495899,2026-04-23T23:17:18.549590Z,40.101338386535645,True,22.241874550212994,26747,1076,6,5411,145,38.38710499985609,31.494084003497846,6.649460003245622,0.2435609931126237,2,1,1,2
173,1776986238.8452644,2026-04-23T23:17:18.845264Z,40.39701294898987,True,22.241874550212994,26753,1077,4,5416,145,42.644893008400686,38.46890000568237,4.154936992563307,0.021056010155007243,1,1,1,1
174,1776986239.0334218,2026-04-23T23:17:19.033422Z,40.58517026901245,True,22.241874550212994,26756,1079,8,5416,145,41.130821002298035,31.85297700110823,9.257204001187347,0.02064000000245869,2,2,2,2
175,1776986239.2687755,2026-04-23T23:17:19.268775Z,40.82052397727966,True,22.241874550212994,26760,1082,5,5427,146,50.33554400142748,35.282639000797644,14.704251996590756,0.34865300403907895,1,1,2,1
176,1776986239.5478215,2026-04-23T23:17:19.547822Z,41.09957003593445,True,22.241874550212994,26765,1083,5,5447,146,39.03596100280993,31.731916998978704,7.122948998585343,0.1810950052458793,1,2,1,1
177,1776986239.739412,2026-04-23T23:17:19.739412Z,41.291160583496094,True,19.092949965964195,26770,1083,0,5453,146,36.5467810042901,31.415072997333482,5.104155003209598,0.02755300374701619,0,0,0,0
178,1776986239.934763,2026-04-23T23:17:19.934763Z,41.48651146888733,True,19.092949965964195,26774,1083,0,5453,146,30.253078002715483,30.182547998265363,0.05286600207909942,0.017664002371020615,0,0,0,0
179,1776986240.1351805,2026-04-23T23:17:20.135180Z,41.68692898750305,True,19.092949965964195,26779,1083,0,5453,146,34.515570994699374,34.43748799327295,0.058210003771819174,0.01987299765460193,0,0,0,0
180,1776986240.3376513,2026-04-23T23:17:20.337651Z,41.889399766922,True,19.092949965964195,26784,1083,0,5453,146,31.788014006451704,31.711563002318144,0.05849900480825454,0.017951999325305223,0,0,0,0
181,1776986240.5559096,2026-04-23T23:17:20.555910Z,42.10765814781189,True,19.092949965964195,26789,1083,0,5453,146,32.2675839997828,32.18338900478557,0.06403400038834661,0.02016099460888654,0,0,0,0
182,1776986240.8343225,2026-04-23T23:17:20.834322Z,42.38607096672058,True,19.092949965964195,26796,1083,0,5453,146,33.59726500639226,33.51281399955042,0.06509000377263874,0.019361003069207072,0,0,0,0
183,1776986241.02837,2026-04-23T23:17:21.028370Z,42.58011841773987,True,19.092949965964195,26801,1083,0,5453,146,31.964052992407233,31.8783219991019,0.06438700074795634,0.021343992557376623,0,0,0,0
184,1776986241.2369998,2026-04-23T23:17:21.237000Z,42.788748264312744,True,19.092949965964195,26806,1083,0,5453,146,33.4498669981258,33.37156100315042,0.060385995311662555,0.017919999663718045,0,0,0,0
185,1776986241.4578595,2026-04-23T23:17:21.457860Z,43.009608030319214,True,19.092949965964195,26811,1083,0,5453,146,33.089470001868904,33.01791500416584,0.05430600140243769,0.01724899630062282,0,0,0,0
186,1776986241.7341383,2026-04-23T23:17:21.734138Z,43.28588676452637,True,23.88992010571406,26818,1083,0,5453,146,32.42829399823677,32.35046700865496,0.05900999531149864,0.018816994270309806,0,0,0,0
187,1776986241.944269,2026-04-23T23:17:21.944269Z,43.49601745605469,True,23.88992010571406,26823,1083,0,5453,146,33.07929399306886,32.993274988257326,0.06521800241898745,0.020801002392545342,0,0,0,0
188,1776986242.1372838,2026-04-23T23:17:22.137284Z,43.689032316207886,True,23.88992010571406,26827,1083,0,5453,146,32.868918002350256,32.793460006359965,0.05648199294228107,0.01897600304801017,0,0,0,0
189,1776986242.3338742,2026-04-23T23:17:22.333874Z,43.88562273979187,True,23.88992010571406,26832,1083,0,5453,146,34.20371899846941,34.13581199129112,0.05101000715512782,0.016897000023163855,0,0,0,0
190,1776986242.5525591,2026-04-23T23:17:22.552559Z,44.104307651519775,True,23.88992010571406,26837,1083,0,5453,146,37.57017898897175,37.48463999363594,0.06425799801945686,0.021280997316353023,0,0,0,0
191,1776986242.835457,2026-04-23T23:17:22.835457Z,44.387205600738525,True,23.88992010571406,26844,1083,0,5453,146,35.37512199545745,35.300527000799775,0.05616199632640928,0.01843299833126366,0,0,0,0
192,1776986243.059548,2026-04-23T23:17:23.059548Z,44.61129641532898,True,23.88992010571406,26848,1083,0,5453,146,31.714027005364187,31.626472002244554,0.06569799734279513,0.021857005776837468,0,0,0,0
193,1776986243.3295217,2026-04-23T23:17:23.329522Z,44.88127017021179,True,23.88992010571406,26856,1083,0,5453,146,34.16586200182792,34.08454700547736,0.06128200038801879,0.020032995962537825,0,0,0,0
194,1776986243.5335786,2026-04-23T23:17:23.533579Z,45.0853271484375,True,23.88992010571406,26861,1083,0,5453,146,30.081328004598618,30.01246100757271,0.05280198820400983,0.01606500882189721,0,0,0,0
195,1776986243.7248082,2026-04-23T23:17:23.724808Z,45.276556730270386,True,23.886422427728792,26865,1083,0,5453,146,34.210662997793406,34.133540000766516,0.0569300027564168,0.02019299427047372,0,0,0,0
196,1776986243.935882,2026-04-23T23:17:23.935882Z,45.48763060569763,True,23.886422427728792,26870,1083,0,5453,146,35.53192800609395,35.44878899992909,0.062050006818026304,0.02108899934682995,0,0,0,0
197,1776986244.1435435,2026-04-23T23:17:24.143543Z,45.6952919960022,True,23.886422427728792,26875,1083,0,5453,146,35.501846999977715,35.41845199652016,0.06284999835770577,0.020545005099847913,0,0,0,0
198,1776986244.3356493,2026-04-23T23:17:24.335649Z,45.88739776611328,True,23.886422427728792,26879,1083,0,5453,146,35.026052995817736,34.9451859947294,0.060578007833100855,0.020288993255235255,0,0,0,0
199,1776986244.5673666,2026-04-23T23:17:24.567367Z,46.119115114212036,True,23.886422427728792,26885,1083,0,5453,146,31.673609992139973,31.525475991657004,0.12813300418201834,0.020000996300950646,0,0,0,0
200,1776986244.8496578,2026-04-23T23:17:24.849658Z,46.40140628814697,True,23.886422427728792,26892,1083,0,5453,146,33.373479993315414,33.29117299290374,0.062050006818026304,0.020256993593648076,0,0,0,0
201,1776986245.1469295,2026-04-23T23:17:25.146930Z,46.6986780166626,True,23.886422427728792,26899,1083,0,5453,146,35.082950998912565,35.012709005968645,0.053185998694971204,0.01705599424894899,0,0,0,0
202,1776986245.341655,2026-04-23T23:17:25.341655Z,46.89340353012085,True,23.886422427728792,26904,1083,0,5453,146,31.419776001712307,31.343773007392883,0.05600199801847339,0.020000996300950646,0,0,0,0
203,1776986245.6296508,2026-04-23T23:17:25.629651Z,47.18139934539795,True,23.91657745167779,26911,1083,0,5453,146,31.45504099666141,31.380671003716998,0.05638599395751953,0.017983998986892402,0,0,0,0
204,1776986245.9768147,2026-04-23T23:17:25.976815Z,47.528563261032104,True,23.91657745167779,26918,1083,0,5453,146,31.6623769904254,31.586629993398674,0.059843005146831274,0.01590399187989533,0,0,0,0
205,1776986246.3346138,2026-04-23T23:17:26.334614Z,47.88636231422424,True,23.91657745167779,26927,1083,0,5453,146,31.244826008332893,31.1645990004763,0.0630430004093796,0.017184007447212934,0,0,0,0
206,1776986246.5801287,2026-04-23T23:17:26.580129Z,48.131877183914185,True,23.91657745167779,26934,1083,0,5453,146,31.31583600770682,31.22773699578829,0.06777900853194296,0.020320003386586905,0,0,0,0
207,1776986246.9071102,2026-04-23T23:17:26.907110Z,48.45885872840881,True,23.91657745167779,26942,1083,0,5453,146,31.096788006834686,31.016656997962855,0.06189099804032594,0.01824001083150506,0,0,0,0
208,1776986247.1387486,2026-04-23T23:17:27.138749Z,48.690497159957886,True,23.91657745167779,26948,1083,0,5453,146,33.204450010089204,33.11983900493942,0.06496200512629002,0.01964900002349168,0,0,0,0
209,1776986247.3332605,2026-04-23T23:17:27.333261Z,48.88500905036926,True,23.91657745167779,26952,1083,0,5453,146,36.699682008475065,36.62201500264928,0.05805099499411881,0.019616010831668973,0,0,0,0
210,1776986247.5345385,2026-04-23T23:17:27.534539Z,49.08628702163696,True,23.91657745167779,26957,1083,0,5453,146,32.62148400244769,32.549545998335816,0.0544340000487864,0.01750400406308472,0,0,0,0
211,1776986247.7405176,2026-04-23T23:17:27.740518Z,49.29226613044739,True,24.023569927605816,26961,1083,0,5453,146,31.89240199571941,31.823726996663027,0.05062599666416645,0.018049002392217517,0,0,0,0
212,1776986247.9325519,2026-04-23T23:17:27.932552Z,49.48430037498474,True,24.023569927605816,26966,1083,0,5453,146,34.37367700098548,34.28449000057299,0.06841799768153578,0.020769002730958164,0,0,0,0
213,1776986248.1348937,2026-04-23T23:17:28.134894Z,49.68664216995239,True,24.023569927605816,26971,1083,0,5453,146,35.00278700084891,34.916128002805635,0.06566700176335871,0.020991996279917657,0,0,0,0
214,1776986248.3324113,2026-04-23T23:17:28.332411Z,49.8841598033905,True,24.023569927605816,26976,1083,0,5453,146,32.86082101112697,32.78110601240769,0.05929799226578325,0.020417006453499198,0,0,0,0
215,1776986248.5310903,2026-04-23T23:17:28.531090Z,50.08283877372742,True,24.023569927605816,26980,1083,0,5453,146,32.47511100198608,32.388196006650105,0.06649800343438983,0.02041699190158397,0,0,0,0
216,1776986248.7464578,2026-04-23T23:17:28.746458Z,50.2982063293457,True,24.023569927605816,26985,1083,0,5453,146,31.149686998105608,31.069172007846646,0.06144199869595468,0.019072991563007236,0,0,0,0
217,1776986248.928115,2026-04-23T23:17:28.928115Z,50.47986340522766,True,24.023569927605816,26990,1083,0,5453,146,30.60729800199624,30.527711001923308,0.059362006140872836,0.020224993932060897,0,0,0,0
218,1776986249.1337538,2026-04-23T23:17:29.133754Z,50.68550229072571,True,24.023569927605816,26995,1083,0,5453,146,31.774252987816,31.682472996180877,0.06925099296495318,0.02252899867016822,0,0,0,0
219,1776986249.3346763,2026-04-23T23:17:29.334676Z,50.88642477989197,True,24.023569927605816,27000,1083,0,5453,146,31.950674994732253,31.865968005149625,0.06403498991858214,0.02067199966404587,0,0,0,0
220,1776986249.5434046,2026-04-23T23:17:29.543405Z,51.09515309333801,True,24.023569927605816,27005,1083,0,5453,146,35.14538399758749,35.06451699649915,0.06112200208008289,0.019744999008253217,0,0,0,0
221,1776986249.733185,2026-04-23T23:17:29.733185Z,51.28493356704712,True,23.94707645768535,27009,1083,0,5453,146,35.25866899872199,35.18068199628033,0.0578259932808578,0.02016100916080177,0,0,0,0
222,1776986249.9278524,2026-04-23T23:17:29.927852Z,51.47960090637207,True,23.94707645768535,27014,1083,0,5453,146,30.676548994961195,30.595489995903336,0.060866004787385464,0.02019299427047372,0,0,0,0
223,1776986250.12746,2026-04-23T23:17:30.127460Z,51.679208517074585,True,23.94707645768535,27019,1083,0,5453,146,29.921000998001546,29.841829993529245,0.059394005802460015,0.019776998669840395,0,0,0,0
224,1776986250.3228195,2026-04-23T23:17:30.322819Z,51.87456798553467,True,23.94707645768535,27024,1083,0,5453,146,30.62214700912591,30.547424001269974,0.05485001020133495,0.01987299765460193,0,0,0,0
225,1776986250.5476742,2026-04-23T23:17:30.547674Z,52.09942269325256,True,23.94707645768535,27029,1083,0,5453,146,31.286427009035833,31.20773599948734,0.05974600207991898,0.01894500746857375,0,0,0,0
226,1776986250.7317252,2026-04-23T23:17:30.731725Z,52.28347373008728,True,23.94707645768535,27034,1083,0,5453,146,30.70403801393695,30.626563006080687,0.06025799666531384,0.01721701119095087,0,0,0,0
227,1776986250.93063,2026-04-23T23:17:30.930630Z,52.4823784828186,True,23.94707645768535,27039,1083,0,5453,146,32.90287000709213,32.81899500871077,0.06374598888214678,0.02012900949921459,0,0,0,0
228,1776986251.1429284,2026-04-23T23:17:31.142928Z,52.694676876068115,True,23.94707645768535,27044,1083,0,5453,146,31.544356999802403,31.470242000068538,0.0580180058022961,0.01609699393156916,0,0,0,0
229,1776986251.3435583,2026-04-23T23:17:31.343558Z,52.89530682563782,True,23.94707645768535,27049,1083,0,5453,146,30.719590009539388,30.640099008451216,0.05811400478705764,0.02137699630111456,0,0,0,0
230,1776986251.542876,2026-04-23T23:17:31.542876Z,53.094624519348145,True,23.94707645768535,27054,1083,0,5453,146,30.635619012173265,30.550656010746025,0.06441799632739276,0.020545005099847913,0,0,0,0
231,1776986251.7335715,2026-04-23T23:17:31.733572Z,53.28532004356384,True,24.55407493753917,27058,1083,0,5453,146,30.69440499530174,30.615777999628335,0.05897799564991146,0.01964900002349168,0,0,0,0
232,1776986251.9244132,2026-04-23T23:17:31.924413Z,53.47616171836853,True,24.55407493753917,27063,1083,0,5453,146,30.77562400721945,30.6947890057927,0.06077000580262393,0.020064995624125004,0,0,0,0
233,1776986252.129519,2026-04-23T23:17:32.129519Z,53.681267499923706,True,24.55407493753917,27068,1083,0,5453,146,35.16455300268717,35.08854999381583,0.057249999372288585,0.018753009499050677,0,0,0,0
234,1776986252.3294742,2026-04-23T23:17:32.329474Z,53.88122272491455,True,24.55407493753917,27073,1083,0,5453,146,33.77039000042714,33.68760300509166,0.06269000004976988,0.020096995285712183,0,0,0,0
235,1776986252.562189,2026-04-23T23:17:32.562189Z,54.11393761634827,True,24.55407493753917,27079,1083,0,5453,146,31.80161298951134,31.717481993837282,0.063650993979536,0.020480001694522798,0,0,0,0
236,1776986252.8685768,2026-04-23T23:17:32.868577Z,54.42032527923584,True,24.55407493753917,27086,1083,0,5453,146,33.17660800530575,33.10185299778823,0.055042008170858026,0.019712999346666038,0,0,0,0
237,1776986253.132168,2026-04-23T23:17:33.132168Z,54.6839165687561,True,24.55407493753917,27093,1083,0,5453,146,30.967854996561073,30.892588998540305,0.0552340061403811,0.020031991880387068,0,0,0,0
238,1776986253.338692,2026-04-23T23:17:33.338692Z,54.890440464019775,True,24.55407493753917,27098,1083,0,5453,146,31.229527987306938,31.139412996708415,0.06860999565105885,0.021504994947463274,0,0,0,0
239,1776986253.5435307,2026-04-23T23:17:33.543531Z,55.09527921676636,True,24.55407493753917,27103,1083,0,5453,146,36.326258996268734,36.24766400025692,0.05904199497308582,0.019553001038730145,0,0,0,0
240,1776986253.7326162,2026-04-23T23:17:33.732616Z,55.28436470031738,True,24.395457279885136,27107,1083,0,5453,146,32.601739003439434,32.462693998240866,0.12102800246793777,0.018017002730630338,0,0,0,0
241,1776986253.926361,2026-04-23T23:17:33.926361Z,55.47810959815979,True,24.395457279885136,27112,1083,0,5453,146,30.51260599750094,30.436795990681276,0.05670600512530655,0.019104001694358885,0,0,0,0
242,1776986254.1314657,2026-04-23T23:17:34.131466Z,55.68321418762207,True,24.395457279885136,27117,1083,0,5453,146,31.48432199668605,31.412831987836398,0.053634008509106934,0.017856000340543687,0,0,0,0
243,1776986254.3312232,2026-04-23T23:17:34.331223Z,55.88297176361084,True,24.395457279885136,27122,1083,0,5453,146,30.650307991891168,30.577216995880008,0.05452999903354794,0.018560996977612376,0,0,0,0
244,1776986254.5348716,2026-04-23T23:17:34.534872Z,56.08662009239197,True,24.395457279885136,27127,1083,0,5453,146,31.622278998838738,31.543363991659135,0.05814600444864482,0.020769002730958164,0,0,0,0
245,1776986254.731749,2026-04-23T23:17:34.731749Z,56.28349757194519,True,24.395457279885136,27132,1083,0,5453,146,30.97454299859237,30.889643996488303,0.06502598989754915,0.01987301220651716,0,0,0,0
246,1776986254.9403598,2026-04-23T23:17:34.940360Z,56.49210834503174,True,24.395457279885136,27137,1083,0,5453,146,31.33839699148666,31.25855399412103,0.06115400174167007,0.01868899562396109,0,0,0,0
247,1776986255.1389258,2026-04-23T23:17:35.138926Z,56.69067430496216,True,24.395457279885136,27142,1083,0,5453,146,32.27846301160753,32.19449199968949,0.06262600072659552,0.02134501119144261,0,0,0,0
248,1776986255.3283386,2026-04-23T23:17:35.328339Z,56.88008713722229,True,24.395457279885136,27146,1083,0,5453,146,31.691880998550914,31.61338200152386,0.058945995988324285,0.019553001038730145,0,0,0,0
249,1776986255.6804907,2026-04-23T23:17:35.680491Z,57.23223924636841,True,24.395457279885136,27155,1083,0,5453,146,31.287962003261782,31.210455010295846,0.0582109933020547,0.019295999663881958,0,0,0,0
250,1776986255.9546232,2026-04-23T23:17:35.954623Z,57.50637173652649,True,24.56174459370417,27162,1083,0,5453,146,33.23001699754968,33.14649399544578,0.06294700142461807,0.020576000679284334,0,0,0,0
251,1776986256.2385645,2026-04-23T23:17:36.238564Z,57.79031300544739,True,24.56174459370417,27169,1083,0,5453,146,30.023181010619737,29.940489010186866,0.06317099905572832,0.019521001377142966,0,0,0,0
252,1776986256.4542933,2026-04-23T23:17:36.454293Z,58.00604176521301,True,24.56174459370417,27174,1083,0,5453,146,31.304635005653836,31.220024000504054,0.06409799971152097,0.020513005438260734,0,0,0,0
253,1776986256.7299132,2026-04-23T23:17:36.729913Z,58.28166174888611,True,24.56174459370417,27181,1083,0,5453,146,30.85732299950905,30.77498399943579,0.06166599632706493,0.020673003746196628,0,0,0,0
254,1776986256.9356139,2026-04-23T23:17:36.935614Z,58.48736238479614,True,24.56174459370417,27186,1083,0,5453,146,32.875573000637814,32.79992200259585,0.05686598888132721,0.018785009160637856,0,0,0,0
255,1776986257.1316097,2026-04-23T23:17:37.131610Z,58.68335819244385,True,24.56174459370417,27191,1083,0,5453,146,31.461920007131994,31.378365005366504,0.0634909956716001,0.020064006093889475,0,0,0,0
256,1776986257.3315701,2026-04-23T23:17:37.331570Z,58.88331866264343,True,24.56174459370417,27195,1083,0,5453,146,31.432895993930288,31.36402899690438,0.051937997341156006,0.016928999684751034,0,0,0,0
257,1776986257.5416203,2026-04-23T23:17:37.541620Z,59.09336876869202,True,24.56174459370417,27200,1083,0,5453,146,32.26239800278563,32.18697200645693,0.05718600004911423,0.018239996279589832,0,0,0,0
258,1776986257.805852,2026-04-23T23:17:37.805852Z,59.35760045051575,True,24.326476174017824,27207,1083,0,5453,146,32.378114003222436,32.29225499671884,0.06528300582431257,0.020576000679284334,0,0,0,0
259,1776986258.0248723,2026-04-23T23:17:38.024872Z,59.57662081718445,True,24.326476174017824,27212,1083,0,5453,146,29.992682990268804,29.913063990534283,0.06102600309532136,0.018592996639199555,0,0,0,0
260,1776986258.227785,2026-04-23T23:17:38.227785Z,59.77953362464905,True,24.326476174017824,27217,1083,0,5453,146,31.934098005876876,31.86068699869793,0.053153999033384025,0.020257008145563304,0,0,0,0
261,1776986258.4275656,2026-04-23T23:17:38.427566Z,59.97931408882141,True,24.326476174017824,27222,1083,0,5453,146,31.083634006790817,31.012752006063238,0.05261000478640199,0.01827199594117701,0,0,0,0
262,1776986258.6288605,2026-04-23T23:17:38.628860Z,60.18060898780823,True,24.326476174017824,27227,1083,0,5453,146,30.68957300274633,30.623425991507247,0.04918601189274341,0.016960999346338212,0,0,0,0
263,1776986258.8316164,2026-04-23T23:17:38.831616Z,60.38336491584778,True,24.326476174017824,27232,1083,0,5453,146,30.629890999989584,30.562336003640667,0.050753995310515165,0.01680100103840232,0,0,0,0
264,1776986259.0282137,2026-04-23T23:17:39.028214Z,60.57996225357056,True,24.326476174017824,27237,1083,0,5453,146,31.70941799180582,31.629542994778603,0.05881799734197557,0.021056999685242772,0,0,0,0
265,1776986259.224914,2026-04-23T23:17:39.224914Z,60.77666258811951,True,24.326476174017824,27242,1083,0,5453,146,31.709609989775345,31.629510995117016,0.05955400411039591,0.020544990547932684,0,0,0,0
266,1776986259.4344697,2026-04-23T23:17:39.434470Z,60.986218214035034,True,24.326476174017824,27247,1083,0,5453,146,30.00794700346887,29.935496000689454,0.05510600749403238,0.017344995285384357,0,0,0,0
267,1776986259.6463337,2026-04-23T23:17:39.646334Z,61.19808220863342,True,24.326476174017824,27252,1083,0,5453,146,29.903720002039336,29.815748013788834,0.06646699330303818,0.021504994947463274,0,0,0,0
268,1776986259.8565779,2026-04-23T23:17:39.856578Z,61.408326387405396,True,24.59713816561107,27257,1083,0,5453,146,30.7673990027979,30.682244003401138,0.06493099499493837,0.02022400440182537,0,0,0,0
269,1776986260.1313617,2026-04-23T23:17:40.131362Z,61.68311023712158,True,24.59713816561107,27264,1083,0,5453,146,33.86165600386448,33.78178099228535,0.05869001324754208,0.021184998331591487,0,0,0,0
270,1776986260.3440104,2026-04-23T23:17:40.344010Z,61.895758867263794,True,24.59713816561107,27269,1083,0,5453,146,31.88961600244511,31.80542099289596,0.06237000343389809,0.02182500611525029,0,0,0,0
271,1776986260.5814555,2026-04-23T23:17:40.581455Z,62.133203983306885,True,24.59713816561107,27274,1083,0,5453,146,31.798924988834187,31.71335298975464,0.06403500447049737,0.021536994609050453,0,0,0,0
272,1776986260.845756,2026-04-23T23:17:40.845756Z,62.397504568099976,True,24.59713816561107,27281,1083,0,5453,146,32.06360599142499,31.990739997127093,0.0556820014026016,0.017183992895297706,0,0,0,0
273,1776986261.0345707,2026-04-23T23:17:41.034571Z,62.58631920814514,True,24.59713816561107,27285,1083,0,5453,146,33.80866198858712,33.73505899799056,0.05542598955798894,0.01817700103856623,0,0,0,0
274,1776986261.2339106,2026-04-23T23:17:41.233911Z,62.785659074783325,True,24.59713816561107,27290,1083,0,5453,146,32.808305011712946,32.72170999844093,0.06653000309597701,0.020065010176040232,0,0,0,0
275,1776986261.4775069,2026-04-23T23:17:41.477507Z,63.029255390167236,True,24.59713816561107,27296,1083,0,5453,146,30.743238006834872,30.667491009808145,0.05811399023514241,0.017633006791584194,0,0,0,0
276,1776986261.7773983,2026-04-23T23:17:41.777398Z,63.32914686203003,True,23.892202368350347,27303,1083,0,5453,146,31.958642997778952,31.87892799905967,0.059906000387854874,0.019808998331427574,0,0,0,0
277,1776986262.0458171,2026-04-23T23:17:42.045817Z,63.59756565093994,True,23.892202368350347,27309,1083,0,5453,146,32.805296999868006,32.72314999776427,0.06131500413175672,0.020831997971981764,0,0,0,0
278,1776986262.2510793,2026-04-23T23:17:42.251079Z,63.80282783508301,True,23.892202368350347,27314,1083,0,5453,146,36.133963003521785,36.06631199363619,0.0504019990330562,0.01724901085253805,0,0,0,0
279,1776986262.568667,2026-04-23T23:17:42.568667Z,64.12041544914246,True,23.892202368350347,27322,1083,0,5453,146,30.87217100255657,30.794599995715544,0.0563220091862604,0.021248997654765844,0,0,0,0
280,1776986262.8631377,2026-04-23T23:17:42.863138Z,64.4148862361908,True,23.892202368350347,27329,1083,0,5453,146,31.512354005826637,31.438878999324515,0.054817995987832546,0.01865701051428914,0,0,0,0
281,1776986263.1434913,2026-04-23T23:17:43.143491Z,64.69523978233337,True,23.892202368350347,27336,1083,0,5453,146,32.139096001628786,32.07301399379503,0.04790601087734103,0.018175996956415474,0,0,0,0
282,1776986263.3442411,2026-04-23T23:17:43.344241Z,64.89598965644836,True,23.892202368350347,27341,1083,0,5453,146,36.92090400727466,36.84531700855587,0.05744199734181166,0.018145001376979053,0,0,0,0
